School,G,SRS,SOS,Tm.,Opp.,MP,FG_opp,FGA_opp,FG%_opp,3P_opp,3PA_opp,3P%_opp,FT_opp,FTA_opp,FT%_opp,ORB_opp,TRB_opp,AST_opp,STL_opp,BLK_opp,TOV_opp,PF_opp,FG,FGA,FG%,3P,3PA,3P%,FT,FTA,FT%,ORB,TRB,AST,STL,BLK,TOV,PF
Air Force,31,-4.90,3.13,1773,1957,1240,665,1474,.451,225,648,.347,402,590,.681,276,966,398,180,87,365,518,632,1428,.443,176,562,.313,333,524,.635,220,851,389,155,51,394,547
Akron,35,2.82,-1.50,2472,2293,1430,787,1887,.417,177,553,.320,542,764,.709,401,1188,377,239,88,496,670,877,2024,.433,235,694,.339,483,735,.657,467,1269,473,213,114,464,682
Alabama A&M,27,-20.19,-13.71,1778,1881,1085,666,1570,.424,140,448,.313,409,653,.626,408,1141,378,225,136,511,561,599,1568,.382,108,371,.291,472,743,.635,376,1004,288,249,143,444,550
Alabama-Birmingham,34,9.46,2.90,2276,2053,1370,713,1752,.407,156,498,.313,471,658,.716,325,1082,344,225,137,476,689,763,1806,.422,177,569,.311,573,826,.694,420,1248,390,223,91,451,611
Alabama State,31,-14.41,-12.02,1998,2043,1245,692,1591,.435,150,430,.349,509,762,.668,321,1046,340,247,109,486,646,667,1651,.404,190,587,.324,474,739,.641,400,1101,400,228,129,501,634
Alabama,32,10.34,6.62,2192,2073,1280,736,1734,.424,181,570,.318,420,633,.664,384,1102,358,186,131,446,533,791,1794,.441,175,500,.350,435,615,.707,386,1126,429,249,127,410,583
Albany (NY),32,-11.94,-5.53,2007,2212,1290,778,1788,.435,222,609,.365,434,628,.691,355,1065,433,260,129,392,536,710,1736,.409,194,585,.332,393,545,.721,399,1156,380,187,97,517,602
Alcorn State,31,-30.36,-9.00,1880,2542,1245,888,1912,.464,223,582,.383,543,855,.635,467,1329,566,334,168,488,629,651,1717,.379,135,437,.309,443,725,.611,356,1065,269,214,98,642,670
American,31,-11.47,-6.89,1941,2083,1265,732,1709,.428,169,477,.354,450,664,.678,294,997,387,245,90,297,534,681,1603,.425,184,534,.345,395,571,.692,304,1097,447,109,81,458,590
Appalachian State,37,1.80,-2.76,2766,2567,1490,908,2164,.420,288,840,.343,463,704,.658,382,1134,507,265,96,400,707,954,2006,.476,279,703,.397,579,785,.738,411,1424,447,201,102,544,652
Arizona State,33,13.80,5.83,2202,1938,1320,678,1687,.402,181,571,.317,401,587,.683,345,1056,405,184,81,426,581,743,1645,.452,271,735,.369,445,625,.712,281,1050,461,216,80,392,542
Arizona,31,7.97,8.10,2229,2233,1270,787,1800,.437,180,574,.314,479,689,.695,350,1067,395,181,108,399,621,745,1681,.443,194,542,.358,545,744,.733,302,1062,384,186,78,436,595
Little Rock,30,-10.06,-2.23,2028,2194,1210,751,1703,.441,229,648,.353,463,663,.698,338,1061,453,157,102,359,593,670,1576,.425,185,501,.369,503,720,.699,296,1019,363,141,81,402,597
Arkansas-Pine Bluff NCAA,34,-8.29,-7.68,2166,2187,1380,698,1720,.406,170,528,.322,621,938,.662,321,1086,392,261,149,473,707,725,1778,.408,141,466,.303,575,861,.668,422,1286,421,229,121,569,764
Arkansas State,31,-4.01,-4.39,2160,2065,1250,738,1804,.409,161,550,.293,428,608,.704,354,1072,387,222,100,377,611,768,1721,.446,172,493,.349,452,682,.663,367,1188,406,159,129,430,562
Arkansas,32,5.87,5.09,2391,2366,1295,825,1910,.432,233,626,.372,483,668,.723,396,1187,415,212,148,469,654,829,1859,.446,201,579,.347,532,782,.680,351,1103,440,232,130,439,598
Army,29,-9.11,-7.96,1749,1768,1165,560,1358,.412,202,606,.333,446,636,.701,270,955,331,165,89,495,501,637,1538,.414,159,488,.326,316,483,.654,300,928,334,239,74,430,580
Auburn,32,5.49,4.68,2422,2373,1290,830,1818,.457,223,630,.354,490,687,.713,342,1137,428,212,118,484,586,850,1913,.444,271,819,.331,451,689,.655,382,1121,419,252,89,437,635
Austin Peay,32,-3.85,-1.68,2320,2317,1305,828,1864,.444,226,613,.369,435,620,.702,391,1129,437,233,126,432,667,786,1727,.455,200,547,.366,548,790,.694,347,1092,429,189,107,458,547
Ball State,30,-4.85,-1.48,1818,1871,1230,665,1660,.401,182,583,.312,359,522,.688,343,1010,393,202,100,355,599,617,1486,.415,113,310,.365,471,685,.688,314,1053,332,152,91,436,531
Baylor NCAA,36,17.97,8.03,2771,2362,1450,816,2136,.382,249,749,.332,481,708,.679,470,1178,471,217,85,435,660,993,2040,.487,255,662,.385,530,731,.725,443,1408,508,237,242,491,639
Belmont,31,1.30,-3.41,2266,2124,1250,753,1822,.413,161,531,.303,457,677,.675,403,1096,375,263,138,449,639,763,1699,.449,244,709,.344,496,736,.674,371,1150,445,222,92,513,595
Bethune-Cookman,33,-13.14,-8.40,2021,1996,1325,668,1575,.424,191,520,.367,469,721,.650,332,1060,357,195,114,465,527,743,1727,.430,134,395,.339,401,624,.643,392,1096,344,227,114,423,593
Binghamton,31,-10.60,-4.31,1909,2082,1250,740,1725,.429,219,620,.353,383,572,.670,378,1068,403,193,78,354,520,690,1632,.423,158,544,.290,371,558,.665,359,1078,299,166,122,439,530
Boise State,32,-1.11,0.68,2370,2331,1290,864,1898,.455,205,563,.364,398,587,.678,350,1112,424,198,91,470,515,894,1942,.460,192,578,.332,390,578,.675,371,1148,515,244,119,458,537
Boston College,31,9.58,7.21,2145,2048,1240,766,1758,.436,150,498,.301,366,545,.672,336,977,364,188,144,363,546,798,1786,.447,159,487,.326,390,545,.716,401,1124,465,155,108,394,524
Boston University,35,0.57,-3.23,2528,2395,1410,806,1960,.411,222,689,.322,561,832,.674,403,1325,441,219,117,511,678,833,2033,.410,300,824,.364,562,776,.724,397,1296,398,257,114,475,744
Bowling Green State,30,-4.70,-0.94,1889,1976,1205,689,1591,.433,224,613,.365,374,550,.680,318,963,445,214,96,392,520,695,1564,.444,130,399,.326,369,551,.670,327,1011,393,204,99,420,494
Bradley,31,3.74,4.11,2091,2089,1250,725,1764,.411,223,724,.308,416,538,.773,367,1082,411,179,64,378,558,721,1641,.439,187,525,.356,462,621,.744,283,1021,370,195,85,373,518
Brigham Young NCAA,36,18.82,3.00,2992,2392,1450,836,2049,.408,220,661,.333,500,733,.682,372,1181,445,217,105,565,668,1025,2120,.483,292,700,.417,650,823,.790,367,1332,567,307,126,417,621
Brown,31,-10.68,-3.82,2073,2231,1250,856,1932,.443,207,587,.353,312,460,.678,382,1157,427,214,110,313,575,710,1610,.441,212,611,.347,441,602,.733,225,990,417,121,118,402,436
Bucknell,31,-7.94,-6.84,2077,2107,1260,722,1675,.431,208,535,.389,455,633,.719,319,1074,382,170,94,401,560,717,1749,.410,200,607,.329,443,607,.730,335,1048,370,152,113,359,553
Buffalo,30,-2.03,-2.27,2170,2135,1210,745,1646,.453,197,516,.382,448,638,.702,318,1024,356,208,93,456,560,755,1742,.433,207,597,.347,453,632,.717,379,1066,454,227,100,422,570
Butler NCAA,38,14.37,5.08,2611,2258,1525,805,1936,.416,194,612,.317,454,669,.679,335,1142,407,200,120,529,779,845,1911,.442,260,761,.342,661,896,.738,353,1241,464,267,86,456,685
Cal Poly,31,-7.99,-2.31,2176,2335,1255,746,1637,.456,207,562,.368,636,886,.718,309,1052,428,177,105,383,551,738,1770,.417,206,616,.334,494,678,.729,384,1100,364,171,73,417,683
Cal State Fullerton,31,-2.87,-1.55,2303,2263,1285,791,1850,.428,195,556,.351,486,714,.681,368,1134,386,182,82,407,587,790,1754,.450,209,598,.349,514,720,.714,323,1141,421,175,98,453,613
Cal State Northridge,32,-5.81,-1.06,2282,2412,1295,772,1824,.423,240,695,.345,628,875,.718,420,1188,477,254,109,521,728,751,1789,.420,156,500,.312,624,933,.669,431,1214,358,239,99,561,740
UC-Davis,32,-6.23,-3.01,2225,2262,1285,782,1682,.465,196,552,.355,502,759,.661,312,1073,448,246,89,499,613,751,1700,.442,210,589,.357,513,729,.704,296,1015,446,247,90,482,641
UC-Irvine,32,-7.49,-3.75,2162,2228,1285,752,1688,.445,204,518,.394,520,733,.709,345,1124,387,151,94,428,584,749,1772,.423,188,543,.346,476,658,.723,352,1060,419,181,89,367,603
UC-Riverside,29,-6.99,-2.61,1833,1859,1175,621,1494,.416,220,599,.367,397,603,.658,272,930,363,173,91,348,549,643,1546,.416,153,433,.353,394,608,.648,362,1063,353,149,67,377,532
UC-Santa Barbara NCAA,30,-0.13,-1.09,2028,1972,1205,671,1611,.417,198,642,.308,432,647,.668,341,1051,386,215,84,458,602,674,1522,.443,205,544,.377,475,698,.681,268,984,414,202,92,460,572
University of California NCAA,35,17.29,8.26,2703,2387,1405,866,1993,.435,195,618,.316,460,663,.694,381,1123,435,193,132,447,608,966,2028,.476,228,609,.374,543,717,.757,395,1241,500,198,86,421,593
Campbell,30,-3.13,-4.96,2057,1900,1200,644,1474,.437,192,578,.332,420,610,.689,312,955,425,196,156,552,596,702,1578,.445,144,411,.350,509,719,.708,353,978,430,314,64,429,563
Canisius,32,-5.19,-4.09,2125,2160,1306,783,1857,.422,210,644,.326,384,586,.655,400,1151,432,228,113,421,584,744,1806,.412,210,667,.315,427,609,.701,404,1199,403,193,112,471,585
Centenary (LA),29,-17.16,-5.08,2056,2320,1175,799,1631,.490,188,501,.375,534,728,.734,336,1119,441,215,129,472,562,684,1645,.416,227,644,.352,461,629,.733,274,874,383,231,65,442,617
Central Connecticut State,30,-14.68,-9.68,1834,1935,1215,732,1614,.454,162,465,.348,309,461,.670,326,1024,350,205,114,431,525,645,1599,.403,152,487,.312,392,547,.717,330,974,329,200,90,402,454
Central Florida,32,-0.03,2.19,2133,2184,1295,750,1708,.439,212,607,.349,472,694,.680,375,1088,415,234,114,457,594,758,1716,.442,178,526,.338,439,644,.682,356,1052,474,248,95,457,599
Central Michigan,30,-3.58,-3.58,1937,1924,1200,600,1410,.426,159,453,.351,565,774,.730,302,973,301,175,99,459,562,651,1588,.410,229,615,.372,406,611,.664,371,1005,321,246,85,427,654
Charleston Southern,30,-13.25,-8.12,2062,2030,1220,730,1656,.441,178,524,.340,392,595,.659,348,1072,396,218,94,472,484,767,1789,.429,197,558,.353,331,500,.662,407,1100,331,269,121,444,535
Charlotte,31,3.96,3.00,2276,2205,1250,785,1891,.415,212,690,.307,423,606,.698,399,1148,424,183,117,383,644,756,1807,.418,201,646,.311,563,768,.733,413,1227,409,183,126,413,564
Chattanooga,33,-8.56,-3.68,2305,2379,1320,818,1938,.422,331,945,.350,412,616,.669,381,1201,478,268,113,485,621,823,1889,.436,269,809,.333,390,631,.618,383,1238,483,199,82,538,626
Chicago State,32,-21.80,-7.61,2010,2287,1285,762,1657,.460,244,647,.377,519,774,.671,332,1134,459,234,113,509,622,701,1833,.382,139,513,.271,469,709,.661,453,1169,321,222,69,511,640
Cincinnati,35,9.98,8.45,2408,2327,1420,807,1954,.413,230,676,.340,483,703,.687,368,1157,439,227,106,423,590,890,2081,.428,200,687,.291,428,671,.638,489,1374,482,199,107,458,642
Citadel,32,-3.44,-2.94,1950,1914,1285,682,1616,.422,190,591,.321,360,529,.681,310,1058,306,160,105,385,501,687,1669,.412,229,647,.354,347,480,.723,312,1023,350,165,48,343,488
Clemson NCAA,32,15.71,7.90,2350,2065,1280,746,1768,.422,148,503,.294,425,626,.679,381,1112,384,263,100,551,587,851,1878,.453,216,631,.342,432,654,.661,420,1178,453,301,151,480,564
Cleveland State,33,0.57,2.12,2283,2254,1320,750,1617,.464,193,489,.395,561,833,.673,352,1119,424,184,96,524,589,796,1802,.442,214,614,.349,477,637,.749,320,975,431,293,61,405,711
Coastal Carolina,35,-0.78,-10.14,2584,2103,1400,767,2008,.382,184,670,.275,385,576,.668,431,1179,323,220,89,507,660,966,2022,.478,184,512,.359,468,740,.632,465,1375,541,265,156,452,566
Colgate,29,-11.34,-6.52,1955,2069,1180,718,1602,.448,204,571,.357,429,589,.728,280,957,424,202,92,369,532,693,1596,.434,192,519,.370,377,550,.685,320,996,384,181,59,434,540
College of Charleston,34,-0.81,-2.46,2549,2493,1365,939,2096,.448,192,566,.339,423,656,.645,505,1379,441,204,87,449,486,950,2073,.458,326,879,.371,323,435,.743,301,1078,445,199,162,382,574
Colorado State,32,1.35,3.61,2120,2134,1290,703,1627,.432,205,582,.352,523,770,.679,305,1029,386,220,120,465,666,704,1637,.430,177,502,.353,535,791,.676,354,1105,340,231,78,485,658
Colorado,31,7.01,7.70,2313,2299,1250,786,1702,.462,184,531,.347,543,780,.696,381,1116,413,208,112,469,644,773,1634,.473,206,531,.388,561,732,.766,228,884,443,256,70,409,659
Columbia,28,-11.75,-6.04,1686,1828,1120,618,1384,.447,179,504,.355,413,595,.694,255,916,331,187,95,407,498,590,1452,.406,135,359,.376,371,553,.671,303,925,279,208,52,401,552
Connecticut,34,12.50,9.15,2380,2266,1360,834,2118,.394,202,638,.317,396,563,.703,479,1208,425,265,140,421,688,842,1877,.449,125,403,.310,571,829,.689,460,1338,461,220,260,506,538
Coppin State,30,-14.89,-6.81,1833,2029,1210,694,1638,.424,185,642,.288,456,684,.667,404,1163,393,206,115,441,487,654,1680,.389,148,467,.317,377,511,.738,337,1003,304,185,63,419,561
Cornell NCAA,34,8.76,-0.91,2596,2192,1370,745,1777,.419,197,579,.340,467,658,.710,335,1042,391,217,97,463,561,913,1894,.482,326,759,.430,393,538,.730,349,1149,543,243,122,414,598
Creighton,34,3.59,3.15,2374,2320,1370,795,1897,.419,224,664,.337,506,702,.721,370,1171,438,199,101,399,646,812,1870,.434,251,746,.336,499,693,.720,357,1194,465,174,111,414,621
Dartmouth,28,-18.46,-5.46,1513,1835,1120,648,1452,.446,143,433,.330,396,553,.716,306,1020,337,176,102,377,423,574,1506,.381,102,347,.294,263,401,.656,286,862,285,178,64,376,512
Davidson,31,-2.26,-1.26,2240,2200,1260,748,1714,.436,204,550,.371,449,632,.710,289,1040,343,187,88,385,600,759,1775,.428,279,765,.365,405,598,.677,371,1148,474,141,112,421,603
Dayton,37,13.25,5.61,2599,2305,1495,778,1981,.393,217,710,.306,532,810,.657,374,1218,412,227,117,520,702,909,2050,.443,256,744,.344,525,789,.665,439,1432,544,237,128,536,729
Delaware State,29,-9.08,-7.60,1697,1691,1170,621,1300,.478,149,390,.382,300,465,.645,292,912,328,141,86,496,489,607,1485,.409,145,444,.327,338,499,.677,328,809,300,239,71,332,440
Delaware,31,-7.86,1.37,1965,2251,1270,756,1679,.450,207,565,.366,532,754,.706,346,1105,407,199,103,362,578,685,1751,.391,174,594,.293,421,602,.699,400,1078,361,156,73,411,649
Denver,32,-2.76,-4.89,2079,2012,1280,645,1403,.460,132,348,.379,590,838,.704,279,953,257,167,84,410,612,689,1406,.490,251,635,.395,450,630,.714,156,768,465,181,97,378,697
DePaul,31,1.61,7.58,1891,2073,1260,724,1669,.434,180,520,.346,445,661,.673,397,1205,430,164,109,400,492,704,1771,.398,175,558,.314,308,529,.582,372,1036,366,236,97,338,570
Detroit Mercy,34,1.35,-1.59,2360,2234,1370,775,1874,.414,207,654,.317,477,668,.714,361,1090,388,241,82,520,681,829,1805,.459,146,438,.333,556,849,.655,401,1225,464,255,133,530,631
Drake,33,0.54,3.34,2197,2259,1325,813,1769,.460,246,674,.365,387,561,.690,338,1158,453,165,87,409,601,738,1694,.436,284,746,.381,437,577,.757,221,939,386,182,67,332,551
Drexel,32,-0.03,0.19,2044,2051,1285,686,1676,.409,136,420,.324,543,775,.701,367,1151,352,188,161,414,581,732,1802,.406,153,490,.312,427,650,.657,407,1152,397,190,113,387,665
Duke NCAA,40,25.21,9.21,3079,2441,1600,884,2204,.401,158,559,.283,515,750,.687,468,1310,433,210,155,569,784,1049,2375,.442,301,782,.385,682,899,.759,569,1560,555,266,162,429,722
Duquesne,32,0.79,1.95,2251,2284,1325,800,1920,.417,234,673,.348,450,674,.668,466,1321,460,209,140,527,637,819,1920,.427,172,659,.261,441,730,.604,417,1195,441,259,138,457,602
East Carolina,31,-5.91,4.42,2082,2323,1245,816,1853,.440,232,622,.373,459,652,.704,380,1056,483,281,121,361,587,717,1641,.437,168,515,.326,480,685,.701,348,1103,367,199,106,518,546
East Tennessee State NCAA,35,-0.83,-1.47,2424,2362,1405,801,1917,.418,260,782,.332,500,756,.661,425,1250,463,257,131,582,672,855,1978,.432,177,575,.308,537,815,.659,445,1277,382,293,112,519,673
Eastern Illinois,31,-5.00,-5.00,2112,2023,1260,690,1706,.404,237,672,.353,406,576,.705,360,1002,413,212,129,407,525,780,1690,.462,129,344,.375,423,587,.721,349,1084,465,192,104,420,519
Eastern Kentucky,33,-2.07,-5.16,2351,2208,1320,786,1689,.465,237,596,.398,399,566,.705,335,1099,485,157,98,450,492,846,1790,.473,327,823,.397,332,460,.722,243,886,514,234,76,319,544
Eastern Michigan,32,-3.46,-3.59,2124,2096,1290,743,1707,.435,186,537,.346,424,641,.661,322,1081,410,206,109,455,675,713,1711,.417,201,659,.305,497,755,.658,370,1126,399,216,92,435,569
Eastern Washington,30,-11.91,-1.91,2065,2288,1210,776,1654,.469,195,492,.396,541,759,.713,278,1084,383,228,137,423,557,723,1739,.416,206,581,.355,413,579,.713,303,1021,408,186,74,452,626
Elon,32,-10.40,-3.04,2141,2335,1290,846,1842,.459,211,596,.354,432,649,.666,378,1233,441,193,130,453,614,760,1837,.414,229,716,.320,392,605,.648,329,1060,401,192,64,422,599
Evansville,30,-4.61,1.82,1944,2068,1215,687,1567,.438,197,571,.345,497,690,.720,284,976,379,202,133,396,603,668,1550,.431,138,389,.355,470,652,.721,286,1001,423,153,50,431,642
Fairfield,34,0.40,-3.33,2414,2287,1380,808,1900,.425,220,595,.370,451,652,.692,417,1209,391,225,126,506,603,860,1996,.431,207,618,.335,487,699,.697,455,1243,473,253,174,452,627
Fairleigh Dickinson,32,-15.56,-6.42,2027,2279,1285,798,1871,.427,240,650,.369,443,683,.649,396,1182,471,225,98,391,637,701,1678,.418,144,447,.322,481,743,.647,319,1128,361,176,127,497,610
Florida A&M,31,-18.80,-6.41,1965,2270,1245,807,1791,.451,191,571,.335,465,673,.691,418,1184,426,234,81,427,565,683,1681,.406,172,558,.308,427,667,.640,358,1042,312,178,82,485,591
Florida Atlantic,30,-4.48,-3.30,2202,2205,1225,766,1685,.455,165,406,.406,508,759,.669,364,1154,380,156,125,433,592,779,1824,.427,220,577,.381,424,626,.677,366,1061,431,172,137,370,632
Florida International,32,-12.81,-2.74,2176,2469,1290,868,1785,.486,255,662,.385,478,678,.705,358,1192,512,237,133,471,586,782,1882,.416,176,609,.289,436,624,.699,384,1053,395,254,60,435,623
Florida State NCAA,32,14.64,6.79,2183,1932,1285,660,1751,.377,203,618,.328,409,609,.672,385,1044,312,254,78,513,595,783,1734,.452,186,557,.334,431,669,.644,406,1211,446,267,200,528,575
Florida NCAA,34,11.89,7.16,2455,2258,1375,841,1952,.431,209,643,.325,367,540,.680,396,1170,439,227,135,465,584,890,2006,.444,203,648,.313,472,671,.703,455,1265,479,243,94,423,501
Fordham,28,-13.18,2.08,1793,2220,1120,786,1729,.455,175,515,.340,473,683,.693,362,1145,433,237,109,344,502,645,1698,.380,134,482,.278,369,544,.678,360,1046,273,157,115,436,556
Fresno State,33,0.14,1.31,2188,2207,1320,771,1810,.426,247,664,.372,418,618,.676,371,1156,451,219,110,467,598,750,1763,.425,215,675,.319,473,698,.678,343,1104,466,261,143,462,555
Furman,30,-7.01,-4.83,2052,2059,1205,720,1698,.424,155,463,.335,464,711,.653,356,1067,378,200,95,376,605,676,1620,.417,195,554,.352,505,706,.715,326,1074,347,148,154,433,631
Gardner-Webb,29,-20.32,-5.61,2005,2257,1175,806,1737,.464,189,538,.351,456,697,.654,376,1136,456,262,106,459,487,739,1749,.423,198,592,.334,329,512,.643,352,1044,414,201,73,525,588
George Mason,32,-0.44,0.06,2145,2161,1290,775,1817,.427,189,556,.340,422,617,.684,401,1148,424,221,115,421,608,759,1729,.439,165,481,.343,462,720,.642,365,1111,379,210,128,438,557
George Washington,31,3.12,0.96,2180,2113,1250,700,1691,.414,234,668,.350,479,723,.663,341,1066,429,195,133,470,611,783,1800,.435,154,467,.330,460,705,.652,431,1197,398,244,109,443,647
Georgetown NCAA,34,17.03,9.56,2500,2246,1360,788,1890,.417,216,646,.334,454,632,.718,380,1053,447,246,132,445,627,905,1815,.499,212,548,.387,478,672,.711,333,1132,524,237,161,473,579
Georgia Southern,32,-12.57,-1.67,2260,2529,1290,903,1762,.512,206,520,.396,517,791,.654,392,1195,484,199,108,573,602,791,1849,.428,231,611,.378,447,665,.672,368,985,444,259,106,512,693
Georgia State,32,-3.74,-1.48,1993,2039,1295,692,1630,.425,173,534,.324,482,681,.708,376,1070,399,228,110,458,514,740,1770,.418,135,428,.315,378,551,.686,423,1082,356,231,106,432,599
Georgia Tech NCAA,36,14.11,9.02,2621,2365,1445,818,2129,.384,240,762,.315,489,734,.666,482,1259,472,284,113,547,687,948,2064,.459,213,587,.363,512,779,.657,464,1430,508,288,190,574,670
Georgia,31,7.33,8.04,2128,2150,1245,768,1782,.431,190,568,.335,424,576,.736,356,980,355,255,141,369,546,759,1664,.456,150,410,.366,460,641,.718,385,1117,425,187,145,471,503
Gonzaga NCAA,34,12.11,3.83,2614,2291,1375,818,2006,.408,216,655,.330,439,677,.648,377,1134,416,224,98,442,724,912,1856,.491,182,516,.353,608,916,.664,358,1286,456,227,142,444,614
Grambling,28,-23.05,-12.75,1784,2048,1135,686,1515,.453,140,422,.332,536,832,.644,358,1097,369,240,104,443,521,613,1551,.395,166,479,.347,392,570,.688,299,930,315,210,73,438,624
Green Bay,35,0.33,0.75,2397,2341,1420,833,1887,.441,207,606,.342,468,675,.693,404,1179,407,215,120,478,673,832,1905,.437,234,622,.376,499,680,.734,390,1142,410,213,89,434,649
Hampton,32,-6.75,-8.36,2102,2050,1280,723,1755,.412,170,553,.307,434,689,.630,427,1156,363,191,81,516,594,725,1708,.424,164,549,.299,488,720,.678,368,1106,385,278,127,496,591
Hartford,30,-13.77,-6.04,1868,2100,1205,676,1524,.444,226,585,.386,522,755,.691,333,1136,366,142,102,406,467,668,1678,.398,233,678,.344,299,468,.639,297,932,340,181,80,349,659
Harvard,29,1.59,-3.91,2145,1928,1180,656,1565,.419,166,485,.342,450,635,.709,308,906,354,187,108,431,577,723,1510,.479,185,512,.361,514,672,.765,272,970,446,228,136,446,540
Hawaii,30,-4.91,0.33,2044,2187,1200,774,1712,.452,196,571,.343,443,635,.698,336,971,394,190,84,330,616,707,1640,.431,150,479,.313,480,727,.660,402,1075,415,133,61,429,543
High Point,30,-14.63,-9.30,2169,2203,1205,744,1643,.453,162,434,.373,553,793,.697,356,1088,374,223,135,470,553,771,1787,.431,196,551,.356,431,627,.687,390,1063,385,205,127,471,648
Hofstra,34,1.65,-0.02,2406,2320,1375,745,1879,.396,160,550,.291,640,929,.689,407,1249,415,243,178,461,597,859,2102,.409,184,565,.326,482,664,.726,503,1382,466,254,219,469,731
Holy Cross,31,-8.03,-5.57,2147,2223,1250,796,1817,.438,218,617,.353,413,594,.695,352,1008,480,222,118,340,591,761,1707,.446,161,423,.381,464,662,.701,381,1136,409,134,89,447,551
Houston NCAA,35,6.74,3.48,2751,2624,1410,929,2016,.461,197,594,.332,569,797,.714,469,1480,470,158,119,585,644,958,2282,.420,290,814,.356,545,768,.710,440,1185,435,329,103,315,652
Howard,32,-19.49,-7.27,1868,2251,1290,840,1800,.467,169,507,.333,402,597,.673,360,1180,409,227,122,389,597,639,1704,.375,178,599,.297,412,696,.592,388,1092,308,140,69,473,537
Idaho State,29,-10.29,0.13,1927,2176,1185,743,1592,.467,232,622,.373,458,648,.707,337,930,461,204,109,321,489,705,1555,.453,135,389,.347,382,551,.693,332,926,324,166,80,382,516
Idaho,31,-0.19,0.48,2206,2188,1245,792,1783,.444,203,577,.352,401,574,.699,339,1036,367,227,100,398,584,791,1703,.464,194,515,.377,430,651,.661,335,1074,459,185,95,432,554
Illinois-Chicago,30,-7.58,0.94,1876,2110,1200,719,1634,.440,203,584,.348,469,667,.703,361,1174,427,175,100,433,540,654,1691,.387,175,578,.303,393,549,.716,313,982,315,211,74,383,569
Illinois State,33,5.73,1.16,2283,2115,1325,742,1753,.423,225,657,.342,406,550,.738,306,1037,379,194,99,446,617,794,1776,.447,193,590,.327,502,717,.700,383,1173,433,240,114,429,556
Illinois,36,11.58,9.58,2547,2406,1460,838,2094,.400,267,831,.321,463,665,.696,407,1240,461,221,61,433,606,957,2127,.450,219,645,.340,414,581,.713,396,1337,570,202,144,443,611
Indiana State,32,1.11,2.40,2113,2123,1300,741,1786,.415,203,606,.335,438,657,.667,385,1146,381,187,74,367,567,708,1681,.421,221,630,.351,476,619,.769,290,1067,335,177,120,401,590
Indiana,31,0.76,9.37,2053,2215,1250,768,1730,.444,186,564,.330,493,712,.692,387,1102,441,220,161,435,628,703,1687,.417,160,469,.341,487,705,.691,395,1090,375,211,107,486,636
Iona,31,2.31,-1.85,2050,1921,1245,629,1575,.399,163,500,.326,500,745,.671,352,1113,323,224,145,504,558,700,1667,.420,227,619,.367,423,621,.681,322,1041,421,246,90,420,614
Iowa State,32,9.60,8.37,2250,2174,1260,801,1916,.418,206,612,.337,366,509,.719,373,1128,385,231,95,394,573,804,1811,.444,200,540,.370,442,673,.657,388,1193,442,162,155,443,490
Iowa,32,2.12,8.09,1937,2112,1285,778,1696,.459,196,574,.341,360,505,.713,293,1019,439,214,109,349,524,675,1629,.414,239,753,.317,348,503,.692,317,1023,394,134,64,440,507
Fort Wayne,31,-9.42,-4.73,2129,2112,1255,733,1736,.422,154,483,.319,492,665,.740,325,1134,344,187,140,398,545,747,1790,.417,221,583,.379,414,595,.696,335,1103,376,183,145,398,592
IUPUI,36,1.63,-4.08,2681,2420,1465,875,2033,.430,257,730,.352,413,604,.684,414,1128,492,231,107,523,666,953,1891,.504,204,525,.389,571,799,.715,359,1199,538,317,167,513,573
Jackson State,32,-13.21,-10.66,2028,2089,1290,690,1715,.402,183,570,.321,526,807,.652,365,1132,340,232,123,427,638,682,1725,.395,177,540,.328,487,755,.645,413,1214,359,190,119,469,659
Jacksonville State,30,-8.18,-4.22,2088,2144,1205,746,1690,.441,192,514,.374,460,671,.686,358,1063,417,217,90,403,549,727,1670,.435,181,497,.364,453,619,.732,328,1026,455,202,142,415,560
Jacksonville,33,-1.71,-2.30,2304,2228,1320,749,1735,.432,183,538,.340,547,795,.688,362,1123,389,216,110,538,652,803,1915,.419,176,529,.333,522,739,.706,480,1230,393,279,137,481,654
James Madison,33,-4.96,-1.52,2210,2307,1320,839,1981,.424,200,592,.338,429,617,.695,430,1189,460,254,84,399,576,796,1810,.440,189,605,.312,429,628,.683,353,1149,462,204,140,477,532
Kansas State NCAA,37,19.88,10.28,2949,2584,1500,853,2037,.419,209,615,.340,669,955,.701,451,1277,440,256,124,624,894,981,2182,.450,253,703,.360,734,1098,.668,559,1437,541,274,187,529,828
Kansas NCAA,36,24.68,8.25,2937,2312,1450,811,2142,.379,229,691,.331,461,672,.686,460,1211,447,234,133,502,719,1033,2111,.489,262,648,.404,609,871,.699,468,1457,609,301,232,470,658
Kennesaw State,33,-10.08,-3.69,2182,2314,1330,864,1928,.448,217,622,.349,369,564,.654,453,1236,504,242,90,471,524,784,1924,.407,235,715,.329,379,557,.680,450,1166,417,218,121,480,529
Kent State,34,5.28,0.74,2382,2213,1370,771,1799,.429,197,617,.319,474,671,.706,348,1181,436,194,117,523,651,839,1942,.432,189,599,.316,515,766,.672,410,1207,437,285,91,407,631
Kentucky NCAA,38,21.13,6.82,3012,2468,1535,875,2314,.378,245,783,.313,473,688,.688,488,1277,418,261,119,531,795,1066,2228,.478,231,697,.331,649,971,.668,538,1584,573,279,273,538,641
La Salle,30,-0.28,2.46,2111,2193,1200,787,1803,.436,208,604,.344,411,604,.680,374,1034,470,244,114,352,540,756,1718,.440,164,487,.337,435,652,.667,420,1167,415,187,140,471,517
Lafayette,32,-7.96,-8.99,2320,2287,1285,842,1846,.456,247,639,.387,356,529,.673,391,1134,434,189,74,468,607,775,1710,.453,258,691,.373,512,670,.764,274,991,482,235,91,422,552
Lamar,32,-11.11,-4.22,2200,2288,1285,822,1853,.444,194,558,.348,450,669,.673,360,1089,479,265,125,442,695,755,1782,.424,122,453,.269,568,839,.677,449,1257,439,202,115,510,609
Lehigh NCAA,33,-3.33,-7.79,2478,2331,1330,834,1954,.427,236,681,.347,427,603,.708,360,1159,478,219,113,451,676,842,1853,.454,220,551,.399,574,799,.718,339,1201,495,203,85,429,589
Liberty,31,-13.22,-7.25,2093,2114,1240,766,1806,.424,215,686,.313,367,580,.633,367,1081,469,227,86,418,610,727,1656,.439,171,510,.335,468,669,.700,333,1141,383,205,91,483,567
Lipscomb,30,-2.07,-3.07,2373,2255,1210,836,1791,.467,236,625,.378,347,552,.629,336,1020,452,194,103,415,584,826,1778,.465,243,667,.364,478,678,.705,385,1105,519,201,76,439,520
Long Beach State,33,-0.42,1.55,2344,2347,1335,858,1939,.442,197,623,.316,434,628,.691,404,1238,446,197,105,508,624,828,1912,.433,202,613,.330,486,745,.652,395,1176,440,256,89,473,591
Long Island University,31,-11.56,-8.25,2162,2225,1265,807,1861,.434,221,624,.354,390,586,.666,371,1152,453,207,140,395,624,721,1802,.400,230,661,.348,490,709,.691,426,1210,335,180,122,437,551
Longwood,31,-14.69,-3.74,2437,,1240,854,1781,.480,169,461,.367,560,818,.685,360,1186,423,224,136,504,512,859,1963,.438,217,632,.343,362,554,.653,388,1091,524,221,69,475,652
Louisiana,30,-4.74,-4.74,2043,2025,1200,670,1566,.428,166,476,.349,519,739,.702,352,1042,319,143,62,445,566,743,1657,.448,168,521,.322,389,572,.680,311,958,351,207,133,391,610
Louisiana-Monroe,31,-10.75,-5.30,2108,2224,1240,772,1664,.464,207,548,.378,473,676,.700,326,987,439,216,108,443,644,683,1621,.421,194,550,.353,548,757,.724,370,1039,298,216,91,503,627
Louisiana State,31,0.97,5.93,1905,2059,1245,722,1678,.430,204,589,.346,411,618,.665,362,1084,329,215,126,383,534,690,1727,.400,141,491,.287,384,552,.696,394,1114,354,189,116,397,547
Louisiana Tech,35,2.89,-0.40,2557,2442,1410,900,2062,.436,235,664,.354,407,586,.695,398,1210,442,233,101,475,664,917,2034,.451,202,598,.338,521,760,.686,441,1294,417,235,116,462,562
Louisville NCAA,33,14.08,7.99,2505,2304,1335,786,1833,.429,205,590,.347,527,751,.702,432,1156,444,217,70,505,645,876,1960,.447,262,777,.337,491,700,.701,478,1217,511,258,135,453,663
Loyola (IL),30,-4.85,0.56,1945,2017,1205,723,1675,.432,203,583,.348,368,522,.705,330,995,412,199,94,342,559,673,1598,.421,194,537,.361,405,589,.688,364,1072,393,149,98,415,523
Loyola Marymount,34,-1.47,1.32,2578,2581,1370,878,1995,.440,230,593,.388,595,813,.732,431,1230,461,214,117,466,672,910,1998,.455,201,534,.376,557,807,.690,416,1210,472,255,141,441,655
Loyola (MD),30,-5.23,-4.09,1949,1983,1205,649,1634,.397,153,458,.334,532,748,.711,387,1052,331,214,117,394,575,673,1601,.420,164,459,.357,439,628,.699,353,1053,343,193,132,450,606
Maine,30,-6.53,-6.26,1931,1864,1205,665,1682,.395,196,616,.318,338,493,.686,348,1067,388,199,114,431,560,650,1596,.407,196,582,.337,435,634,.686,337,1089,397,219,97,431,471
Manhattan,31,-4.68,-2.97,2031,2084,1246,701,1699,.413,188,563,.334,494,709,.697,377,1195,385,159,118,453,585,727,1797,.405,133,433,.307,444,649,.684,364,1089,307,240,114,361,603
Marist,30,-17.21,-2.85,1684,2115,1205,743,1620,.459,205,579,.354,424,607,.699,337,1097,386,226,124,359,466,600,1546,.388,204,581,.351,280,439,.638,268,904,296,156,38,424,553
Marquette NCAA,34,15.17,8.23,2485,2198,1380,828,1841,.450,173,532,.325,369,542,.681,358,1116,467,191,126,488,584,861,1890,.456,274,664,.413,489,660,.741,343,1071,516,269,72,353,580
Marshall,34,7.80,1.57,2717,2347,1375,829,2096,.396,191,598,.319,498,711,.700,458,1238,407,214,90,457,695,949,1985,.478,222,591,.376,597,873,.684,412,1327,549,216,268,432,613
Maryland-Baltimore County,30,-16.92,-6.19,1893,2215,1210,758,1713,.442,219,597,.367,480,681,.705,400,1205,419,164,143,381,492,684,1656,.413,150,464,.323,375,544,.689,251,918,332,179,90,341,564
Maryland-Eastern Shore,32,-16.18,-7.38,1945,2216,1285,801,1810,.443,181,607,.298,433,663,.653,379,1145,426,203,94,386,561,691,1722,.401,161,528,.305,402,624,.644,398,1159,359,173,67,485,595
Maryland NCAA,33,17.75,7.95,2629,2254,1335,808,2052,.394,221,650,.340,417,602,.693,490,1252,384,185,116,499,613,966,2052,.471,195,510,.382,502,689,.729,421,1270,545,256,154,383,554
Massachusetts,32,-1.76,3.40,2262,2396,1290,843,1920,.439,226,613,.369,484,724,.669,396,1196,513,218,149,395,591,795,1976,.402,227,754,.301,445,670,.664,468,1287,380,176,124,446,652
McNeese State,30,-11.82,-4.34,2032,2106,1200,676,1542,.438,191,531,.360,561,794,.707,354,1027,375,221,104,427,489,755,1743,.433,183,525,.349,339,528,.642,407,1048,356,221,108,430,607
Memphis,34,11.74,3.65,2565,2233,1360,768,1832,.419,168,511,.329,529,755,.701,424,1182,403,172,118,512,656,854,1859,.459,284,732,.388,573,826,.694,358,1103,468,276,182,390,643
Mercer,33,-5.05,-1.20,2514,2478,1325,887,2004,.443,211,642,.329,493,710,.694,405,1149,439,238,116,413,678,836,1866,.448,274,785,.349,568,808,.703,402,1227,446,199,85,488,617
Miami (FL),33,11.35,7.01,2390,2136,1320,737,1813,.407,210,635,.331,452,645,.701,371,1082,417,239,105,448,584,843,1820,.463,245,670,.366,459,677,.678,385,1186,461,229,146,464,573
Miami (OH),32,0.56,1.43,1996,2024,1295,708,1691,.419,181,531,.341,427,621,.688,351,1054,387,218,110,337,539,682,1568,.435,205,590,.347,427,587,.727,278,1017,333,159,120,411,582
Michigan State NCAA,37,15.33,8.17,2658,2361,1485,829,2043,.406,248,755,.328,455,642,.709,373,1109,462,243,94,459,651,974,2068,.471,187,543,.344,523,764,.685,487,1426,606,242,123,514,666
Michigan,32,10.04,9.37,2059,1970,1290,752,1698,.443,177,553,.320,289,428,.675,349,1113,430,165,97,452,513,732,1758,.416,227,760,.299,368,509,.723,320,990,456,223,68,326,468
Middle Tennessee,33,-1.99,-3.33,2282,2135,1320,709,1595,.445,180,536,.336,537,798,.673,275,1032,357,179,99,491,627,792,1780,.445,201,530,.379,497,675,.736,336,1097,365,199,82,436,696
Milwaukee,34,1.23,0.52,2370,2314,1370,832,1899,.438,210,641,.328,440,628,.701,313,1121,410,222,82,395,713,789,1834,.430,250,747,.335,542,791,.685,379,1241,423,190,79,465,629
Minnesota NCAA,35,15.64,7.32,2533,2242,1415,779,1946,.400,250,734,.341,434,638,.680,413,1178,459,230,92,496,614,912,1949,.468,246,617,.399,463,661,.700,375,1237,583,273,199,427,579
Mississippi State,36,12.55,4.60,2622,2336,1455,868,2233,.389,231,710,.325,369,554,.666,447,1335,418,238,110,411,633,897,2065,.434,329,918,.358,499,728,.685,379,1406,462,209,271,443,508
Mississippi Valley State,32,-19.69,-9.88,2057,2315,1290,806,1779,.453,216,629,.343,487,736,.662,370,1177,464,248,109,490,601,723,1766,.409,203,633,.321,408,642,.636,365,1116,390,251,82,552,666
Mississippi,35,13.46,5.77,2743,2474,1420,852,2081,.409,227,680,.334,543,794,.684,453,1317,481,206,133,494,633,986,2185,.451,286,796,.359,485,731,.663,460,1377,486,259,184,424,660
Missouri-Kansas City,30,-13.88,-4.75,2002,2106,1200,713,1486,.480,159,436,.365,521,725,.719,254,984,373,175,130,432,579,685,1629,.421,174,515,.338,458,654,.700,307,931,345,179,51,383,624
Missouri State,36,7.57,1.40,2572,2350,1455,815,1882,.433,227,603,.376,493,692,.712,329,1124,408,213,126,465,666,895,1993,.449,252,688,.366,530,724,.732,398,1247,505,209,110,407,667
Missouri NCAA,34,17.39,6.36,2627,2252,1370,775,1890,.410,185,584,.317,517,736,.702,468,1298,382,204,105,659,641,926,2104,.440,258,701,.368,517,714,.724,441,1200,522,371,160,432,656
Monmouth,31,-11.20,-7.82,1976,2065,1240,721,1628,.443,192,585,.328,431,643,.670,329,1113,436,236,123,463,544,682,1689,.404,196,630,.311,416,607,.685,341,1038,405,226,69,447,565
Montana State,29,-3.18,-2.45,1992,1962,1200,672,1564,.430,188,542,.347,430,583,.738,337,1027,343,161,89,383,524,689,1548,.445,212,585,.362,402,584,.688,266,912,365,180,89,331,516
Montana NCAA,32,3.93,-2.35,2228,1960,1280,690,1654,.417,181,503,.360,399,609,.655,318,961,319,180,82,404,564,791,1636,.483,210,526,.399,436,603,.723,283,1048,396,206,106,390,571
Morehead State,35,3.51,-3.07,2505,2216,1410,734,1711,.429,222,615,.361,526,774,.680,304,1029,435,244,121,560,657,880,1963,.448,258,672,.384,487,710,.686,491,1301,502,314,118,521,691
Morgan State NCAA,37,-1.18,-6.15,2813,2606,1500,902,2134,.423,180,553,.325,622,921,.675,488,1351,430,218,154,529,757,960,2239,.429,205,617,.332,688,983,.700,568,1488,461,243,152,499,782
Mount St. Mary's,31,-4.38,-6.28,2045,1959,1250,715,1749,.409,149,487,.306,380,554,.686,386,1151,362,184,88,478,623,714,1692,.422,183,523,.350,434,681,.637,341,1082,352,235,143,415,543
Murray State NCAA,36,8.69,-3.89,2753,2175,1440,761,1967,.387,195,586,.333,458,660,.694,424,1091,400,234,98,603,670,978,1961,.499,226,599,.377,571,821,.695,439,1319,556,347,196,527,618
Navy,30,-12.01,-7.91,2138,2261,1215,764,1694,.451,188,539,.349,545,774,.704,369,1187,454,185,105,497,631,709,1736,.408,246,704,.349,474,665,.713,311,993,394,209,83,443,650
Nebraska,33,6.60,6.66,2194,2169,1330,725,1682,.431,233,625,.373,486,700,.694,314,1080,394,187,122,463,600,768,1745,.440,217,547,.397,441,654,.674,320,1069,471,223,94,416,626
Nevada-Las Vegas NCAA,34,12.57,4.82,2485,2168,1370,693,1738,.399,197,594,.332,585,827,.707,360,1172,352,163,91,535,597,899,1950,.461,231,695,.332,456,637,.716,337,1149,551,266,117,395,691
Nevada,34,6.50,2.56,2703,2551,1370,935,2133,.438,202,586,.345,479,672,.713,415,1201,511,201,88,378,605,983,2040,.482,222,613,.362,515,704,.732,374,1263,480,173,149,405,591
New Hampshire,30,-9.54,-6.29,1825,1873,1210,639,1538,.415,133,430,.309,462,659,.701,295,1059,294,169,101,407,618,611,1628,.375,182,613,.297,421,653,.645,383,1084,312,142,70,395,601
New Mexico State NCAA,34,2.06,1.66,2662,2639,1360,954,2127,.449,262,735,.356,469,680,.690,441,1282,551,192,87,452,640,919,1997,.460,287,774,.371,537,767,.700,358,1212,484,203,111,437,595
New Mexico NCAA,35,12.49,3.84,2655,2352,1410,823,1922,.428,255,765,.333,451,673,.670,331,1165,467,196,97,475,788,887,2023,.438,273,739,.369,608,909,.669,458,1347,497,232,120,387,615
New Orleans,30,-13.50,-4.50,1778,1986,1205,683,1526,.448,172,482,.357,448,654,.685,279,983,391,207,96,417,564,593,1471,.403,168,497,.338,424,618,.686,279,951,321,189,61,478,607
Niagara,33,0.32,-2.50,2382,2289,1340,832,1983,.420,177,590,.300,448,660,.679,465,1330,411,200,115,488,639,812,1990,.408,254,791,.321,504,743,.678,429,1226,440,270,148,406,620
Nicholls State,30,-10.99,-2.61,1967,2114,1215,709,1378,.515,184,436,.422,512,752,.681,257,948,371,183,74,496,562,667,1530,.436,202,609,.332,431,624,.691,266,815,404,258,31,398,640
NJIT,31,-19.59,-8.24,1905,2070,1240,691,1645,.420,183,544,.336,505,697,.725,335,1172,380,234,141,493,539,665,1757,.378,196,624,.314,379,584,.649,344,1064,376,229,96,461,615
Norfolk State,30,-11.89,-6.42,2119,2260,1220,766,1788,.428,181,588,.308,547,844,.648,419,1113,405,223,113,449,570,778,1692,.460,128,436,.294,435,684,.636,349,1119,342,251,96,542,681
North Carolina-Asheville,31,-14.36,-6.47,2296,2401,1255,861,1992,.432,218,641,.340,461,684,.674,433,1189,507,267,136,445,642,822,1852,.444,169,557,.303,483,717,.674,405,1229,507,232,177,521,603
North Carolina A&T,33,-12.02,-5.66,2241,2376,1325,826,1985,.416,252,740,.341,472,660,.715,444,1344,449,248,112,498,604,774,1931,.401,265,863,.307,428,686,.624,403,1224,410,219,164,501,570
North Carolina-Greensboro,31,-8.24,0.63,1966,2226,1240,791,1707,.463,220,622,.354,424,632,.671,339,1090,423,242,150,433,537,696,1803,.386,148,515,.287,426,610,.698,440,1120,286,186,97,444,593
North Carolina State,36,8.47,7.30,2398,2322,1445,841,1990,.423,162,524,.309,478,728,.657,444,1278,410,260,134,474,654,857,1975,.434,193,580,.333,491,723,.679,411,1257,483,234,154,472,653
North Carolina-Wilmington,31,-4.35,0.94,2051,2215,1240,788,1809,.436,137,452,.303,502,754,.666,421,1176,358,261,133,388,578,722,1741,.415,207,620,.334,400,620,.645,391,1135,393,159,151,492,633
North Carolina,37,10.14,9.83,2758,2661,1491,984,2390,.412,284,829,.343,409,585,.699,484,1354,532,318,166,508,713,1012,2292,.442,176,536,.328,558,854,.653,556,1552,577,250,210,562,564
North Dakota State,29,-8.53,-5.76,2047,2087,1185,733,1697,.432,166,479,.347,455,636,.715,307,1031,355,189,151,355,540,734,1707,.430,144,423,.340,435,597,.729,320,1073,410,151,94,382,553
North Florida,31,-9.53,-2.11,1830,2019,1245,690,1633,.423,165,470,.351,474,700,.677,386,1114,362,236,106,429,570,637,1530,.416,177,517,.342,379,602,.630,300,978,375,184,96,481,624
North Texas NCAA,33,-2.49,-4.72,2437,2303,1340,846,1953,.433,169,522,.324,442,627,.705,366,1094,373,238,133,420,744,798,1748,.457,179,538,.333,662,921,.719,364,1220,394,144,94,485,590
Northeastern,33,6.48,2.21,2124,1983,1335,721,1749,.412,174,506,.344,367,506,.725,403,1107,362,195,102,461,609,763,1699,.449,174,510,.341,424,589,.720,312,1008,389,236,118,386,520
Northern Arizona,28,-7.54,-2.35,1965,2003,1145,712,1564,.455,175,504,.347,404,601,.672,282,917,382,211,81,367,487,704,1494,.471,171,464,.369,386,573,.674,257,944,454,190,95,430,550
Northern Colorado,33,2.06,-4.26,2426,2202,1325,744,1716,.434,218,609,.358,496,700,.709,321,1070,370,191,104,518,691,780,1751,.445,252,651,.387,614,824,.745,331,1096,383,239,78,416,658
Northern Illinois,30,-7.64,-2.05,2017,2158,1211,723,1642,.440,187,524,.357,525,770,.682,322,1081,371,216,101,406,611,698,1739,.401,176,587,.300,445,689,.646,423,1150,399,198,105,459,650
Northern Iowa NCAA,35,12.03,4.27,2216,1929,1400,693,1705,.406,204,613,.333,339,491,.690,292,1042,313,163,69,425,646,747,1741,.429,233,659,.354,489,645,.758,333,1130,367,198,70,372,556
Northwestern State,29,-14.98,-4.70,2186,2333,1175,780,1749,.446,187,538,.348,586,854,.686,424,1205,425,254,89,479,670,747,1720,.434,182,524,.347,510,838,.609,384,1093,363,229,143,487,678
Northwestern,34,8.32,4.99,2351,2238,1375,746,1767,.422,215,678,.317,531,736,.721,383,1170,496,193,114,439,643,789,1820,.434,317,887,.357,456,639,.714,350,1091,565,221,133,374,651
Notre Dame NCAA,35,13.14,6.22,2635,2393,1415,873,2008,.435,233,668,.349,414,558,.742,372,1128,487,209,117,361,633,918,1953,.470,261,673,.388,538,744,.723,402,1250,585,194,104,362,530
Oakland NCAA,35,-0.64,-2.96,2676,2504,1400,935,2065,.453,190,556,.342,444,661,.672,381,1174,451,241,117,461,718,920,2053,.448,206,640,.322,630,876,.719,477,1344,461,236,169,485,632
Ohio State NCAA,37,19.49,7.37,2740,2274,1490,826,2015,.410,245,727,.337,377,531,.710,373,1174,461,199,75,529,673,983,1999,.492,276,708,.390,498,716,.696,325,1234,545,262,157,413,565
Ohio NCAA,37,4.56,-0.03,2763,2569,1510,905,2165,.418,222,711,.312,537,767,.700,472,1397,515,214,130,566,746,925,2153,.430,278,759,.366,635,883,.719,443,1371,524,278,97,473,696
Oklahoma State NCAA,33,12.34,6.97,2437,2243,1325,770,1835,.420,227,628,.361,476,682,.698,326,1122,380,189,97,440,618,839,1861,.451,274,784,.349,485,679,.714,327,1169,413,214,84,418,664
Oklahoma,31,6.24,7.79,2235,2283,1250,829,1815,.457,235,604,.389,390,541,.721,325,1101,433,204,115,372,560,766,1782,.430,252,721,.350,451,606,.744,324,1066,391,180,84,382,505
Old Dominion NCAA,36,11.39,1.78,2415,2069,1445,752,1867,.403,196,653,.300,369,555,.665,369,1102,402,231,129,509,615,922,2061,.447,166,523,.317,405,625,.648,540,1394,554,282,105,457,560
Oral Roberts,33,-0.88,-3.85,2313,2182,1335,801,1901,.421,194,538,.361,386,587,.658,346,1103,408,209,112,418,644,826,1865,.443,153,484,.316,508,745,.682,406,1272,396,205,149,450,595
Oregon State,32,3.76,5.79,1929,1989,1280,707,1638,.432,187,601,.311,388,556,.698,321,1004,380,220,86,457,577,670,1556,.431,140,475,.295,449,665,.675,321,1019,365,261,63,479,528
Oregon,32,4.00,5.96,2237,2247,1300,771,1720,.448,229,644,.356,476,684,.696,330,1052,424,187,87,464,549,803,1869,.430,185,545,.339,446,624,.715,395,1094,355,220,94,408,606
Pacific,35,2.90,-1.19,2297,2133,1410,733,1797,.408,209,599,.349,458,681,.673,341,1128,366,203,99,403,613,820,1862,.440,226,657,.344,431,662,.651,381,1215,435,192,87,393,605
Penn State,31,6.58,6.32,2013,2005,1245,721,1655,.436,230,634,.363,333,482,.691,258,957,415,180,105,315,527,711,1632,.436,208,607,.343,383,542,.707,301,1055,410,143,54,360,503
Pennsylvania,28,-13.31,-3.31,1751,2031,1130,705,1481,.476,200,519,.385,421,580,.726,276,917,400,199,92,350,481,596,1440,.414,183,577,.317,376,502,.749,263,853,376,147,54,420,535
Pepperdine,31,-8.44,0.94,2044,2316,1255,790,1723,.459,238,675,.353,498,726,.686,331,1108,449,198,121,351,578,693,1760,.394,194,569,.341,464,659,.704,394,1122,342,152,75,423,599
Pittsburgh NCAA,34,14.30,7.39,2336,2101,1390,754,1883,.400,172,548,.314,421,637,.661,385,1099,379,186,133,367,663,809,1811,.447,181,526,.344,537,775,.693,420,1269,536,177,139,421,594
Portland State,32,-3.49,-1.21,2496,2536,1295,908,1874,.485,227,574,.395,493,677,.728,391,1110,513,213,77,426,578,888,1862,.477,258,690,.374,462,644,.717,356,1019,424,201,127,431,596
Portland,32,6.35,2.04,2306,2117,1290,746,1702,.438,225,639,.352,400,607,.659,322,983,389,223,90,444,603,798,1720,.464,253,622,.407,457,622,.735,340,1068,472,207,53,420,504
Prairie View,30,-15.79,-12.11,1930,1865,1210,649,1656,.392,198,669,.296,369,577,.640,359,1156,364,193,105,490,544,682,1723,.396,180,605,.298,386,629,.614,364,1128,392,240,124,427,527
Princeton,31,-0.02,-5.56,1871,1652,1250,573,1439,.398,125,380,.329,381,530,.719,268,913,271,183,92,446,491,660,1497,.441,204,568,.359,347,483,.718,275,951,363,238,101,407,523
Providence,31,7.04,8.24,2554,2547,1245,920,1954,.471,191,557,.343,516,746,.692,427,1180,508,185,124,420,574,913,2104,.434,249,754,.330,479,714,.671,535,1253,443,248,136,394,615
Purdue NCAA,35,17.52,8.81,2467,2144,1405,737,1849,.399,184,520,.354,486,680,.715,381,1225,378,182,91,549,661,867,1957,.443,187,588,.318,546,755,.723,351,1170,493,248,162,381,651
Quinnipiac,33,-3.50,-9.37,2415,2194,1320,760,1831,.415,205,582,.352,469,709,.661,352,1052,387,206,103,466,666,862,1926,.448,133,392,.339,558,774,.721,482,1333,443,232,71,452,627
Radford,31,-6.42,-6.90,2217,2127,1255,766,1928,.397,220,672,.327,375,562,.667,357,1112,426,272,114,390,650,819,1847,.443,138,460,.300,441,744,.593,442,1340,503,182,115,467,495
Rhode Island,36,9.16,3.33,2737,2528,1450,963,2076,.464,186,544,.342,416,623,.668,439,1313,473,179,94,559,673,991,2227,.445,235,705,.333,520,745,.698,477,1258,533,294,182,394,595
Rice,31,-5.72,1.15,1983,2161,1245,726,1640,.443,221,633,.349,488,690,.707,317,1096,431,236,130,449,569,703,1739,.404,164,532,.308,413,638,.647,382,1097,369,229,82,436,615
Richmond NCAA,35,10.03,3.43,2427,2196,1430,761,1927,.395,181,602,.301,493,698,.706,462,1327,347,190,117,528,625,868,1943,.447,250,704,.355,441,630,.700,304,1139,442,289,158,384,634
Rider,33,-3.71,-1.68,2295,2362,1335,835,1900,.439,230,650,.354,462,659,.701,373,1252,475,203,115,463,599,811,1914,.424,218,646,.337,455,661,.688,345,1150,411,225,101,425,582
Robert Morris NCAA,35,-3.71,-6.15,2399,2306,1405,733,1800,.407,221,688,.321,619,861,.719,392,1172,418,246,119,549,701,815,1868,.436,197,546,.361,572,859,.666,412,1227,433,267,80,520,757
Rutgers,32,1.29,5.91,2160,2295,1285,853,1990,.429,193,574,.336,396,588,.673,473,1241,434,259,102,390,556,767,1810,.424,211,635,.332,415,623,.666,381,1146,438,186,227,466,517
Sacramento State,30,-12.41,-2.65,1935,2140,1200,732,1645,.445,197,563,.350,479,647,.740,320,1099,414,206,100,427,529,671,1632,.411,176,507,.347,417,583,.715,266,970,385,216,85,412,563
Sacred Heart,29,-11.39,-8.72,2087,2123,1165,747,1639,.456,161,442,.364,468,641,.730,299,984,372,229,78,406,483,770,1743,.442,252,635,.397,295,477,.618,389,1077,426,201,101,462,550
Saint Francis (PA),30,-15.87,-7.08,1875,2104,1205,718,1579,.455,198,561,.353,470,656,.716,335,1021,416,222,104,407,544,633,1523,.416,203,551,.368,406,555,.732,299,922,386,174,76,476,603
Saint Joseph's,31,-2.13,3.97,2141,2330,1250,844,1894,.446,212,635,.334,430,606,.710,421,1249,481,222,124,448,557,731,1775,.412,191,637,.300,488,687,.710,299,1001,406,226,108,407,553
Saint Louis,36,5.46,2.55,2283,2168,1480,792,1962,.404,138,480,.288,446,659,.677,425,1281,356,227,107,495,656,826,1882,.439,215,674,.319,416,672,.619,333,1206,454,204,169,478,615
Saint Mary's (CA) NCAA,34,13.38,2.20,2668,2258,1365,856,2023,.423,144,478,.301,402,606,.663,390,1096,332,192,79,369,599,944,1950,.484,284,699,.406,496,652,.761,370,1244,543,168,176,394,560
Saint Peter's,30,-2.73,-4.57,1863,1808,1220,606,1607,.377,163,529,.308,433,663,.653,360,1040,323,227,146,442,550,661,1660,.398,152,479,.317,389,586,.664,428,1169,311,227,132,489,591
Sam Houston State NCAA,33,3.71,-3.37,2616,2284,1330,789,1834,.430,204,620,.329,502,737,.681,342,1107,544,210,94,510,676,909,1963,.463,287,775,.370,511,727,.703,410,1247,673,257,85,442,661
Samford,31,-7.32,-2.54,1789,1881,1240,670,1601,.418,261,723,.361,280,427,.656,345,982,365,216,74,335,490,620,1365,.454,247,696,.355,302,453,.667,192,867,405,162,53,399,443
San Diego State NCAA,34,11.34,4.21,2389,2101,1375,745,1843,.404,225,642,.350,386,557,.693,375,1035,420,202,106,453,618,875,1846,.474,179,564,.317,460,741,.621,444,1257,458,251,156,453,552
San Diego,32,-2.60,1.98,1996,2119,1290,724,1592,.455,190,506,.375,481,702,.685,304,1060,376,222,114,432,560,680,1652,.412,220,616,.357,416,584,.712,298,972,367,213,96,429,585
San Francisco,30,-3.48,2.82,2116,2186,1225,773,1725,.448,209,579,.361,431,579,.744,278,967,428,208,94,372,582,723,1618,.447,171,483,.354,499,727,.686,329,1076,369,161,59,441,544
San Jose State,31,-2.06,0.83,2289,2342,1245,862,1901,.453,223,606,.368,395,625,.632,399,1077,507,198,72,313,560,796,1748,.455,202,509,.397,495,680,.728,358,1090,416,145,81,392,521
Santa Clara,32,-5.84,1.66,2049,2225,1285,756,1699,.445,217,544,.399,496,739,.671,357,1090,438,234,130,466,611,696,1692,.411,149,498,.299,508,743,.684,376,1091,316,232,121,493,634
Savannah State,26,-12.90,-5.75,1604,,1045,572,1301,.440,122,364,.335,338,514,.658,251,807,314,189,112,395,432,564,1329,.424,112,370,.303,288,443,.650,292,852,303,194,74,418,476
Seton Hall,32,10.43,5.78,2563,2414,1300,855,2011,.425,195,603,.323,509,716,.711,468,1277,403,167,147,444,584,938,2107,.445,209,627,.333,478,701,.682,456,1240,487,236,168,342,602
Siena NCAA,34,8.48,-1.17,2554,2226,1370,870,2032,.428,209,637,.328,277,434,.638,364,1168,469,207,113,517,630,930,2048,.454,160,498,.321,534,793,.673,442,1310,486,298,119,418,471
South Alabama,32,-7.72,-3.82,2124,2177,1300,740,1812,.408,217,642,.338,480,658,.729,408,1153,376,219,121,458,638,739,1771,.417,160,464,.345,486,685,.709,395,1163,374,193,114,462,588
South Carolina State,32,-9.31,-8.65,2224,2225,1290,790,1812,.436,199,614,.324,446,676,.660,393,1093,407,223,102,481,625,784,1766,.444,162,529,.306,494,675,.732,367,1110,423,224,92,497,602
South Carolina,31,8.26,7.29,2227,2197,1240,785,1754,.448,159,460,.346,468,688,.680,407,1236,394,200,114,508,506,820,1961,.418,216,675,.320,371,571,.650,411,1078,306,269,188,382,549
South Dakota State,30,-6.05,-5.05,2227,2197,1210,795,1716,.463,177,480,.369,430,613,.701,326,1056,368,202,115,405,632,721,1710,.422,212,574,.369,573,769,.745,363,1061,351,166,67,364,554
South Florida,33,8.72,7.21,2226,2176,1330,802,1876,.428,176,551,.319,396,617,.642,407,1142,363,190,113,391,614,775,1757,.441,133,470,.283,543,796,.682,384,1170,392,205,117,415,563
Southeast Missouri State,30,-14.49,-3.06,1927,2172,1221,738,1611,.458,187,516,.362,509,769,.662,332,1095,424,233,116,444,590,662,1621,.408,175,498,.351,428,656,.652,334,1026,335,178,73,465,654
Southeastern Louisiana,31,-3.97,-6.21,2255,2074,1250,719,1815,.396,177,536,.330,459,644,.713,426,1102,352,192,73,442,574,795,1667,.477,209,539,.388,456,648,.704,288,1042,442,231,178,460,614
Southern California,30,8.93,6.47,1789,1715,1210,591,1540,.384,149,461,.323,384,584,.658,303,941,259,166,71,380,513,662,1551,.427,107,360,.297,358,550,.651,331,1047,282,171,132,434,531
Southern Illinois,30,3.44,1.27,2104,2026,1210,678,1529,.443,170,494,.344,500,690,.725,275,962,354,197,81,420,561,740,1614,.458,204,563,.362,420,608,.691,300,978,411,192,83,405,629
Southern Methodist,31,2.39,3.78,2053,1998,1240,700,1640,.427,230,643,.358,368,498,.739,291,917,390,196,67,363,570,710,1554,.457,183,521,.351,450,643,.700,315,1032,333,176,76,425,518
Southern Mississippi,34,4.21,2.25,2200,2034,1360,699,1727,.405,197,656,.300,439,673,.652,316,1047,361,193,94,443,672,758,1821,.416,155,478,.324,529,733,.722,444,1285,326,179,121,432,614
Southern Utah,29,-17.42,-4.75,1861,2125,1175,717,1671,.429,191,563,.339,500,735,.680,356,979,383,254,104,348,544,660,1498,.441,130,368,.353,411,566,.726,294,1012,340,165,112,528,585
Southern,30,-23.96,-10.96,1802,2173,1200,798,1799,.444,184,554,.332,393,623,.631,421,1253,443,272,114,443,551,647,1675,.386,140,512,.273,368,616,.597,330,1025,363,177,114,489,502
St. Bonaventure,31,1.29,1.96,2173,2182,1240,782,1747,.448,186,559,.333,432,672,.643,349,1046,404,226,108,417,562,803,1734,.463,161,474,.340,406,614,.661,349,1099,458,180,119,446,598
St. Francis (NY),29,-13.83,-8.42,1753,1884,1180,648,1493,.434,192,555,.346,396,560,.707,315,1022,424,204,102,485,552,610,1525,.400,190,609,.312,343,558,.615,324,944,344,232,87,449,545
St. John's (NY),33,9.23,8.70,2251,2190,1340,769,1795,.428,188,523,.359,442,627,.705,350,1136,426,223,152,447,544,817,1927,.424,190,568,.335,397,609,.652,432,1219,432,222,124,409,607
Stanford,32,5.71,6.50,2212,2237,1285,793,1766,.449,183,550,.333,468,650,.720,324,1121,400,194,111,424,608,779,1796,.434,210,594,.354,444,669,.664,337,1081,419,172,54,388,561
Stephen F. Austin,32,-2.42,-6.90,2126,1914,1285,670,1571,.426,159,473,.336,415,606,.685,297,935,311,197,125,466,584,779,1703,.457,135,383,.352,433,611,.709,378,1085,429,216,69,413,565
Stetson,29,-17.62,-2.14,1744,2097,1160,732,1533,.477,168,461,.364,465,676,.688,319,1097,414,226,100,407,512,614,1581,.388,200,648,.309,316,517,.611,294,898,323,186,74,423,566
Stony Brook,32,-3.64,-7.64,2205,2047,1280,721,1726,.418,233,660,.353,372,566,.657,315,1077,372,189,108,455,590,776,1804,.430,194,550,.353,459,663,.692,373,1164,371,229,62,404,571
Syracuse NCAA,35,21.72,7.21,2832,2324,1400,856,2151,.398,261,864,.302,351,551,.637,480,1188,543,296,80,547,628,1042,2021,.516,244,624,.391,504,745,.677,417,1337,673,336,221,532,515
Temple NCAA,35,12.44,4.27,2273,1987,1410,727,1897,.383,176,618,.285,357,511,.699,346,1143,343,187,103,395,567,851,1942,.438,204,605,.337,367,533,.689,377,1281,515,163,104,358,521
Tennessee-Martin,29,-17.46,-2.06,1860,2215,1160,774,1649,.469,194,517,.375,473,659,.718,325,1086,485,210,132,411,542,639,1677,.381,151,485,.311,431,642,.671,381,1041,313,205,97,454,558
Tennessee State,32,-9.57,-2.69,2154,2374,1305,828,1715,.483,196,546,.359,522,751,.695,352,1145,471,254,109,517,533,750,1844,.407,258,693,.372,396,562,.705,392,1063,397,254,76,511,631
Tennessee Tech,32,-9.58,-2.51,2375,2474,1315,832,1797,.463,227,608,.373,583,849,.687,406,1108,460,237,109,446,624,845,1801,.469,186,486,.383,499,720,.693,383,1105,423,201,75,481,696
Tennessee NCAA,37,16.05,7.75,2720,2413,1485,804,2031,.396,230,774,.297,575,827,.695,435,1311,421,225,159,599,704,991,2174,.456,218,681,.320,520,775,.671,441,1353,530,290,136,490,733
Texas A&M-Corpus Christi,32,-2.05,-2.83,2184,2119,1290,738,1749,.422,212,637,.333,431,635,.679,346,998,426,261,86,457,608,770,1681,.458,164,533,.308,480,723,.664,389,1161,422,250,122,556,584
Texas A&M NCAA,34,15.24,9.80,2426,2192,1370,761,1854,.410,206,617,.334,464,660,.703,357,1160,411,217,148,473,746,813,1846,.440,210,626,.335,590,892,.661,400,1252,417,223,113,417,619
Texas-Arlington,30,-8.06,-3.97,2216,2205,1220,733,1724,.425,169,558,.303,570,880,.648,425,1196,412,203,120,494,688,745,1739,.428,196,591,.332,530,770,.688,367,1082,364,208,108,452,705
Texas Christian,32,-0.25,4.15,2169,2269,1295,797,1713,.465,199,586,.340,476,697,.683,314,1062,452,206,98,409,556,759,1707,.445,248,704,.352,403,576,.700,297,1021,441,169,61,449,612
Texas-El Paso NCAA,33,12.66,1.96,2484,2131,1335,707,1804,.392,196,627,.313,521,780,.668,376,1170,378,190,78,519,621,891,1879,.474,201,586,.343,501,744,.673,323,1193,488,288,120,435,643
Texas-Rio Grande Valley,33,-17.31,-4.47,2019,2382,1340,857,1778,.482,179,498,.359,489,743,.658,356,1277,450,224,139,516,621,693,1781,.389,211,669,.315,422,655,.644,292,1005,379,218,48,473,668
Texas-San Antonio,30,-2.90,-5.44,2121,1983,1210,727,1618,.449,169,595,.284,360,529,.681,300,968,350,165,104,405,550,740,1683,.440,190,523,.363,451,593,.761,342,1029,352,199,50,347,499
Texas Southern,33,-11.12,-11.38,2241,2167,1330,724,1705,.425,179,551,.325,540,804,.672,371,1095,431,228,91,594,612,822,1765,.466,140,461,.304,457,722,.633,362,1104,402,341,122,574,690
Texas State,31,-7.38,-3.30,2392,2413,1270,785,1723,.456,199,522,.381,644,965,.667,350,1155,447,272,114,564,725,793,1902,.417,214,644,.332,592,886,.668,466,1226,449,285,96,556,773
Texas Tech,35,7.97,8.47,2684,2662,1430,915,2141,.427,217,669,.324,615,877,.701,471,1362,443,245,135,515,745,922,2103,.438,196,528,.371,644,901,.715,422,1298,502,239,153,481,748
Texas NCAA,34,18.56,7.38,2761,2381,1375,843,2091,.403,191,594,.322,504,737,.684,435,1226,392,247,126,516,717,1005,2158,.466,195,566,.345,556,878,.633,503,1425,489,269,194,464,670
Toledo,32,-14.39,-0.77,1734,2137,1285,767,1711,.448,195,581,.336,408,605,.674,346,1086,478,215,95,328,492,645,1572,.410,168,503,.334,276,440,.627,278,984,346,137,59,464,562
Towson,31,-8.46,-0.75,2124,2363,1250,881,1916,.460,199,592,.336,402,611,.658,455,1239,519,201,112,389,532,751,1796,.418,196,565,.347,426,638,.668,370,1063,391,195,151,396,524
Troy,33,-3.04,-2.31,2467,2378,1325,859,1983,.433,264,738,.358,396,582,.680,410,1194,454,179,82,435,545,932,1977,.471,240,655,.366,363,558,.651,374,1192,421,229,115,402,531
Tulane,30,-3.20,1.50,1864,2005,1205,698,1534,.455,134,430,.312,475,683,.695,342,1093,370,181,129,463,542,636,1603,.397,168,518,.324,424,612,.693,316,925,328,231,84,412,610
Tulsa,35,8.46,2.84,2500,2284,1400,802,2001,.401,165,530,.311,515,713,.722,361,1134,343,242,103,363,711,852,1871,.455,173,489,.354,623,881,.707,396,1336,438,156,195,461,617
UCLA,32,5.70,7.86,2139,2195,1300,790,1762,.448,213,586,.363,402,577,.697,341,1040,401,200,65,423,514,784,1666,.471,186,573,.325,385,609,.632,305,1018,489,206,135,460,512
Utah State NCAA,35,13.62,1.23,2559,2097,1405,757,1867,.405,198,615,.322,385,543,.709,322,1030,390,169,109,392,551,941,1928,.488,242,585,.414,435,574,.758,362,1238,584,162,123,358,562
Utah Valley,30,-16.18,-9.25,1906,1954,1206,687,1564,.439,164,471,.348,416,593,.702,282,1001,347,190,114,395,502,650,1575,.413,178,502,.355,428,572,.748,288,994,362,184,64,403,531
Utah,31,4.29,4.16,2059,2058,1250,704,1711,.411,120,397,.302,530,754,.703,350,1084,305,212,78,351,585,692,1618,.428,185,580,.319,490,655,.748,284,1052,361,172,186,423,639
Valparaiso,32,-2.90,0.34,2344,2378,1280,790,1736,.455,222,587,.378,574,816,.703,370,1077,441,229,106,431,574,823,1764,.467,245,665,.368,453,636,.712,328,1037,479,227,71,439,644
Vanderbilt NCAA,33,15.24,7.86,2537,2274,1325,819,1992,.411,209,621,.337,427,678,.630,452,1182,395,221,128,445,695,859,1829,.470,203,552,.368,616,854,.721,361,1197,436,188,171,448,632
Vermont NCAA,35,-1.26,-6.69,2457,2267,1405,798,1991,.401,196,612,.320,475,688,.690,435,1196,387,243,132,479,777,826,1884,.438,166,524,.317,639,930,.687,433,1291,423,239,141,487,635
Villanova NCAA,33,16.72,7.75,2700,2404,1330,759,1855,.409,240,714,.336,646,910,.710,390,1118,446,217,141,504,697,899,1962,.458,252,676,.373,650,861,.755,441,1272,448,259,133,452,731
Virginia Commonwealth,36,10.23,0.64,2737,2392,1450,897,2093,.429,170,563,.302,428,640,.669,450,1251,462,250,120,517,649,979,2117,.462,253,691,.366,526,747,.704,462,1331,536,318,148,443,626
VMI,29,-19.91,-7.21,2569,2799,1165,1066,2066,.516,181,465,.389,486,759,.640,463,1429,585,218,152,527,550,883,2120,.417,335,1026,.327,468,687,.681,384,1075,422,301,144,426,594
Virginia Tech,34,11.65,5.13,2473,2215,1385,778,1949,.399,182,607,.300,477,685,.696,430,1231,423,172,151,525,714,851,1994,.427,157,511,.307,614,856,.717,443,1278,414,237,158,419,637
Virginia,31,8.80,6.93,2029,1971,1250,732,1678,.436,180,512,.352,327,512,.639,298,1038,354,157,107,369,497,733,1720,.426,177,507,.349,386,516,.748,318,1053,403,190,81,333,510
Wagner,31,-18.05,-8.78,1833,2111,1210,738,1692,.436,180,553,.325,455,675,.674,394,1150,441,277,95,429,493,659,1635,.403,228,663,.344,287,463,.620,328,1002,369,194,105,518,571
Wake Forest NCAA,31,11.45,8.85,2257,2155,1270,738,1890,.390,179,613,.292,500,728,.687,429,1158,354,222,121,426,648,811,1869,.434,134,435,.308,501,762,.657,463,1306,369,221,162,471,624
Washington State,31,5.31,4.65,2229,2190,1260,776,1731,.448,216,608,.355,422,596,.708,340,1012,417,217,82,430,635,753,1677,.449,175,502,.349,548,777,.705,371,1073,397,190,140,431,540
Washington NCAA,36,15.64,7.49,2851,2519,1445,860,2041,.421,178,554,.321,621,911,.682,421,1235,398,220,108,578,755,1004,2212,.454,191,568,.336,652,905,.720,476,1364,515,264,151,460,766
Weber State,31,3.71,-1.04,2361,2202,1255,747,1700,.439,199,546,.364,509,697,.730,302,1030,344,201,116,424,616,787,1768,.445,250,703,.356,537,737,.729,362,1116,401,200,93,387,607
West Virginia NCAA,38,19.16,10.26,2752,2414,1545,836,2007,.417,209,646,.324,533,785,.679,417,1224,437,233,113,509,798,942,2190,.430,257,762,.337,611,868,.704,585,1467,589,213,155,451,686
Western Carolina,34,-1.24,-2.91,2525,2352,1360,759,1732,.438,212,655,.324,622,905,.687,359,1182,396,212,93,585,647,907,2022,.449,274,753,.364,437,682,.641,441,1197,459,321,99,472,757
Western Illinois,30,-11.84,-5.84,1771,1804,1205,610,1520,.401,135,427,.316,449,657,.683,323,1033,334,183,110,376,531,609,1489,.409,153,437,.350,400,588,.680,274,968,317,198,128,383,555
Western Kentucky,34,2.32,-2.18,2422,2269,1380,843,1892,.446,198,598,.331,385,566,.680,356,1110,395,190,95,471,633,862,1900,.454,225,663,.339,473,672,.704,393,1192,432,218,100,441,580
Western Michigan,33,0.43,-1.17,2287,2195,1320,774,1856,.417,207,598,.346,440,635,.693,386,1100,415,213,110,437,625,778,1813,.429,190,590,.322,541,739,.732,423,1214,413,231,89,449,623
Wichita State,35,8.06,1.73,2427,2162,1405,733,1722,.426,178,525,.339,518,729,.711,298,1037,376,203,94,494,645,837,1873,.447,228,638,.357,525,704,.746,393,1208,498,237,104,458,691
William & Mary,33,2.82,1.63,2213,2129,1340,759,1835,.414,223,684,.326,388,570,.681,395,1151,434,193,110,348,539,735,1732,.424,295,841,.351,448,640,.700,335,1134,463,177,84,357,536
Winthrop NCAA,33,-8.68,-7.31,2042,2025,1330,695,1749,.397,180,607,.297,455,677,.672,357,1228,392,207,122,507,599,735,1934,.380,124,500,.248,448,696,.644,450,1276,346,283,135,402,622
Wisconsin NCAA,33,17.84,7.66,2214,1878,1330,673,1586,.424,138,402,.343,394,572,.689,263,1002,314,148,74,396,586,776,1750,.443,246,690,.357,416,568,.732,320,1056,412,187,113,289,537
Wofford NCAA,35,4.43,-2.57,2408,2134,1405,765,1836,.417,169,552,.306,435,646,.673,345,1140,327,181,136,491,681,825,1873,.440,203,580,.350,555,830,.669,402,1243,469,242,74,416,621
Wright State,32,6.81,0.16,2163,1950,1285,648,1488,.435,174,490,.355,480,657,.731,275,976,352,159,79,501,583,750,1692,.443,240,656,.366,423,577,.733,324,964,433,190,63,375,605
Wyoming,31,-4.58,3.63,2190,2309,1245,803,1789,.449,217,633,.343,486,691,.703,362,1129,460,209,94,485,673,734,1674,.438,140,525,.267,582,864,.674,313,1047,346,241,132,479,634
Xavier NCAA,35,16.23,5.94,2793,2433,1445,884,2158,.410,201,674,.298,464,709,.654,415,1231,469,224,175,449,727,961,2082,.462,250,664,.377,621,873,.711,444,1415,494,235,132,452,662
Yale,31,-9.94,-5.60,2067,2157,1245,769,1749,.440,194,527,.368,425,594,.715,351,1076,430,222,105,427,629,711,1687,.421,138,466,.296,507,700,.724,359,1086,387,212,134,442,572
Youngstown State,30,-6.41,0.40,2002,2092,1205,698,1532,.456,176,478,.368,520,741,.702,292,998,414,205,99,438,577,697,1656,.421,153,479,.319,455,665,.684,338,986,390,181,110,401,611
