Rank,Team,Seed,Conf,Wins,Losses,AdjEM,AdjO,AdjO Rank,AdjD,AdjD Rank,AdjT,AdjT Rank,Luck,Luck Rank,OppAdjEM,OppAdjEM Rank,OppO,OppO Rank,OppD,OppD Rank,NCSOS AdjEM,NCSOS AdjEM Rank
1,Villanova,1,BE,36,4,33.76,127.8,1,94.0,11,68.7,150,-.018,225,11.31,6,111.3,10,100.0,12,3.98,61
2,Virginia,1,ACC,31,3,29.53,115.2,30,85.6,1,59.4,351,.048,66,9.24,37,110.0,33,100.7,33,-0.08,158
3,Duke,2,ACC,29,8,28.86,122.4,3,93.6,9,69.7,93,-.034,271,10.60,15,110.4,30,99.8,10,4.09,58
4,Cincinnati,2,Amer,31,5,26.60,113.4,49,86.8,2,64.5,330,-.019,230,3.46,87,106.9,89,103.4,90,-4.21,294
5,Purdue,2,B10,30,7,26.27,122.7,2,96.4,31,67.2,223,.006,163,9.02,41,109.1,51,100.1,14,0.69,144
6,Michigan St.,3,B10,30,5,25.41,119.2,13,93.8,10,67.0,234,.038,83,6.64,62,108.6,63,101.9,65,-5.03,303
7,Michigan,3,B10,33,8,24.20,114.7,35,90.5,3,64.9,324,.052,61,10.32,18,111.4,7,101.1,47,-4.83,301
8,North Carolina,2,ACC,26,11,23.59,120.3,6,96.7,38,71.2,46,-.011,207,13.26,1,111.6,5,98.3,1,7.58,17
9,Kansas,1,B12,31,8,23.49,120.9,5,97.4,47,68.8,144,.076,23,12.41,2,111.7,3,99.3,3,3.55,70
10,Gonzaga,4,WCC,32,5,23.03,118.1,14,95.1,18,69.4,107,.009,153,1.57,108,106.4,102,104.8,128,3.12,78
11,Texas Tech,3,B12,27,10,22.59,113.3,50,90.8,4,66.7,247,-.007,195,10.31,19,110.7,23,100.4,25,-5.24,309
12,West Virginia,5,B12,26,11,22.44,119.4,10,96.9,41,69.2,120,-.014,214,10.59,16,109.9,38,99.3,2,-4.72,299
13,Tennessee,3,SEC,26,9,22.27,114.6,36,92.4,6,66.0,282,.019,125,11.01,11,111.2,13,100.2,18,7.10,20
14,Clemson,5,ACC,25,10,21.65,114.2,44,92.6,7,66.1,274,-.009,203,10.22,20,110.6,26,100.4,23,-1.91,214
15,Xavier,1,BE,29,6,21.51,120.1,8,98.6,57,70.5,62,.091,17,9.35,35,109.9,37,100.6,29,1.84,108
16,Ohio St.,5,B10,25,9,21.16,116.0,23,94.9,15,67.0,238,.020,124,8.75,44,109.8,40,101.1,46,0.26,151
17,Kentucky,5,SEC,26,11,20.44,115.8,24,95.4,22,68.8,146,-.008,199,10.91,12,110.8,22,99.8,11,4.67,44
18,Houston,6,Amer,27,8,20.24,114.6,38,94.4,13,68.4,167,-.015,216,3.90,81,106.6,95,102.7,75,-3.08,254
19,Penn St.,,B10,26,13,19.18,114.3,42,95.1,19,67.3,217,-.050,296,7.60,56,109.7,43,102.1,68,-6.36,322
20,Butler,10,BE,21,14,19.05,116.2,22,97.2,45,67.6,207,-.047,290,11.21,7,112.0,1,100.8,34,0.11,154
21,Wichita St.,4,Amer,25,8,19.03,121.0,4,101.9,111,68.6,162,-.026,254,5.13,73,107.3,79,102.2,70,1.55,114
22,Florida,6,SEC,21,13,18.96,114.5,41,95.5,24,67.1,226,-.059,310,10.74,13,110.2,31,99.5,4,4.57,46
23,Auburn,4,SEC,26,8,18.69,115.4,26,96.7,37,72.6,18,.034,94,7.52,57,108.8,58,101.3,51,-1.86,211
24,TCU,6,B12,21,12,18.47,119.7,9,101.2,100,68.6,160,-.067,322,9.67,29,110.7,24,101.0,43,-0.82,178
25,Nevada,7,MWC,29,8,18.39,120.2,7,101.8,108,69.4,105,-.026,255,5.13,74,107.0,87,101.8,63,3.61,67
26,Seton Hall,8,BE,22,12,18.04,116.9,17,98.8,62,69.5,103,-.028,260,10.12,21,110.5,27,100.4,24,-0.00,157
27,Florida St.,9,ACC,23,12,17.77,114.3,43,96.5,33,71.2,45,-.029,261,9.27,36,109.6,45,100.3,20,-6.91,330
28,Arizona,4,P12,27,8,17.70,118.0,15,100.4,83,67.1,224,.036,88,5.96,68,108.5,65,102.5,73,2.51,86
29,Texas A&M,7,SEC,22,13,16.96,111.3,66,94.4,14,69.5,101,.014,140,11.69,4,111.8,2,100.1,15,5.12,37
30,Creighton,8,BE,21,12,16.91,115.5,25,98.6,58,70.8,57,-.028,259,9.40,33,110.8,21,101.4,54,-4.20,292
31,Loyola Chicago,11,MVC,32,6,16.39,111.4,63,95.0,17,65.5,307,.077,22,2.48,99,104.8,156,102.3,72,-5.47,315
32,Saint Mary's,,WCC,30,6,16.13,119.4,11,103.2,137,63.5,341,.006,161,-2.12,196,103.8,203,105.9,189,-4.28,296
33,Virginia Tech,8,ACC,21,12,16.03,115.3,28,99.3,70,68.7,147,-.018,229,7.91,53,109.2,47,101.3,52,-9.76,344
34,Baylor,,B12,19,15,16.02,111.5,62,95.5,23,66.7,249,-.079,335,10.02,23,110.9,17,100.9,38,-3.78,282
35,Notre Dame,,ACC,21,15,15.79,114.9,32,99.1,68,65.4,312,-.058,309,8.65,45,109.8,39,101.2,49,-1.70,203
36,Texas,10,B12,19,15,15.43,109.5,89,94.1,12,65.2,316,-.030,263,11.77,3,111.4,8,99.6,5,2.05,99
37,Miami FL,6,ACC,22,10,15.43,112.9,53,97.4,48,67.0,233,.017,128,8.08,52,109.1,52,101.0,42,-3.82,284
38,Louisville,,ACC,22,14,15.41,112.2,57,96.8,39,69.7,92,-.005,187,8.90,42,109.6,46,100.7,32,-2.50,234
39,Maryland,,B10,19,13,15.03,114.1,45,99.1,67,66.3,266,-.046,286,8.18,50,108.8,59,100.6,30,-4.21,293
40,Missouri,8,SEC,20,13,14.83,111.9,58,97.0,43,65.7,296,-.025,249,9.55,32,109.8,41,100.2,19,1.07,132
41,Syracuse,11,ACC,23,14,14.82,107.0,135,92.2,5,62.9,345,.021,119,9.81,27,111.3,9,101.5,58,-0.20,163
42,Kansas St.,9,B12,25,12,14.77,110.1,78,95.3,21,65.6,302,.071,31,9.39,34,111.0,14,101.6,59,-6.50,324
43,Davidson,12,A10,21,12,14.70,117.0,16,102.3,120,64.5,332,-.063,318,2.11,104,105.6,116,103.5,91,1.33,121
44,Arkansas,7,SEC,23,12,14.69,116.3,20,101.7,106,69.7,91,.059,56,9.90,25,110.5,28,100.6,27,0.87,141
45,Middle Tennessee,,CUSA,25,8,14.68,111.3,67,96.6,35,66.5,259,.008,154,3.58,83,107.5,76,103.9,101,7.65,15
46,N.C. State,9,ACC,21,12,14.52,116.3,21,101.8,109,71.4,38,-.001,178,7.71,55,108.6,62,100.9,39,-9.71,342
47,Western Kentucky,,CUSA,27,11,14.45,114.5,40,100.1,82,68.8,143,-.003,182,3.72,82,106.9,90,103.2,84,3.81,65
48,Oklahoma,10,B12,18,14,14.16,114.6,37,100.5,85,75.5,4,-.008,198,11.68,5,111.3,11,99.6,6,2.13,96
49,Arizona St.,11,P12,20,12,14.13,116.7,18,102.6,123,71.3,43,-.083,340,5.48,71,107.4,77,101.9,64,0.94,138
50,San Diego St.,11,MWC,22,11,14.09,110.5,77,96.4,30,68.8,142,-.032,265,3.46,86,107.2,80,103.8,96,-0.80,177
51,USC,,P12,24,12,14.06,114.5,39,100.5,87,67.7,200,-.017,222,5.12,75,108.2,69,103.1,82,1.37,120
52,Rhode Island,7,A10,26,8,13.93,111.1,69,97.2,46,68.4,173,.063,44,3.49,85,107.6,75,104.1,107,3.83,64
53,Marquette,,BE,21,14,13.68,119.2,12,105.6,182,69.5,100,.020,123,9.99,24,110.9,18,100.9,40,-0.66,174
54,Mississippi St.,,SEC,25,12,13.61,110.5,76,96.9,40,67.3,219,.042,74,7.03,60,108.5,64,101.5,57,-10.55,345
55,Nebraska,,B10,22,11,13.54,110.6,75,97.1,44,67.4,214,.055,59,7.14,59,108.4,66,101.3,50,-3.10,255
56,UCLA,11,P12,21,12,13.52,115.0,31,101.4,103,70.3,70,-.027,257,6.42,63,108.1,72,101.7,60,2.93,81
57,Alabama,9,SEC,20,16,13.41,108.7,106,95.2,20,68.7,151,.017,130,11.17,8,110.9,19,99.7,7,2.54,84
58,Utah,,P12,23,12,12.99,111.8,59,98.9,63,65.6,299,.031,98,6.31,64,109.1,54,102.7,76,-1.28,190
59,Oklahoma St.,,B12,21,15,12.93,111.6,61,98.6,59,68.9,135,-.001,180,9.22,38,110.6,25,101.4,55,-5.35,311
60,New Mexico St.,12,WAC,28,6,12.92,107.9,116,95.0,16,68.5,165,.027,106,-1.40,174,104.0,193,105.4,157,3.70,66
61,Boise St.,,MWC,23,9,12.90,109.9,82,97.0,42,68.8,141,-.006,192,2.23,102,106.6,96,104.3,115,-1.95,215
62,Murray St.,12,OVC,26,6,12.19,112.9,54,100.7,93,67.2,222,-.000,176,-3.56,243,102.9,253,106.4,222,-0.99,185
63,Providence,10,BE,21,14,12.17,108.9,100,96.7,36,67.1,227,.074,28,10.58,17,111.6,4,101.1,45,-1.38,193
64,Old Dominion,,CUSA,25,7,12.14,108.8,103,96.6,34,64.5,331,.041,76,-1.27,168,104.4,179,105.6,172,-3.43,270
65,Georgia,,SEC,18,15,11.64,107.5,122,95.9,27,64.4,334,.010,146,10.09,22,111.0,15,100.9,37,0.51,147
66,LSU,,SEC,18,15,11.62,114.8,33,103.2,136,68.7,149,-.018,226,8.59,46,110.0,35,101.4,53,-2.91,248
67,Buffalo,13,MAC,27,9,11.53,114.7,34,103.2,135,72.7,16,.006,158,-0.06,140,105.1,145,105.2,147,3.87,62
68,St. Bonaventure,11,A10,26,8,11.21,110.8,74,99.5,74,69.4,104,.078,21,2.80,94,107.0,86,104.2,111,1.17,127
69,Louisiana Lafayette,,SB,27,7,11.14,112.7,55,101.5,105,70.6,59,.033,95,-2.59,213,103.5,221,106.1,195,-0.58,172
70,Wisconsin,,B10,15,18,10.68,109.7,83,99.1,66,62.7,347,-.068,325,9.89,26,110.9,16,101.0,44,0.06,155
71,Indiana,,B10,16,15,10.44,109.4,92,99.0,65,66.6,251,-.025,252,7.83,54,109.7,44,101.8,62,-2.76,243
72,Montana,14,BSky,26,8,10.40,108.8,101,98.4,56,68.0,185,-.000,175,-1.96,186,104.0,192,106.0,192,2.09,98
73,BYU,,WCC,24,11,10.32,108.3,110,98.0,54,67.9,190,.006,162,0.54,128,106.4,101,105.9,185,-2.08,218
74,St. John's,,BE,16,17,10.31,106.5,141,96.2,29,69.4,110,-.016,221,11.11,9,111.5,6,100.4,26,3.05,80
75,Oregon,,P12,23,13,10.24,111.1,70,100.9,98,67.3,215,.004,164,3.50,84,107.9,73,104.4,119,-6.15,318
76,Vermont,,AE,27,8,10.22,113.8,48,103.5,148,64.1,339,-.009,202,-2.97,227,102.5,276,105.4,161,4.54,47
77,Boston College,,ACC,19,16,10.21,113.1,52,102.9,128,70.2,73,.004,166,8.49,48,109.1,53,100.6,28,-7.11,335
78,South Dakota St.,12,Sum,28,7,10.20,113.8,47,103.6,150,70.5,61,.097,13,-0.09,141,105.8,113,105.9,188,3.59,68
79,Fresno St.,,MWC,21,11,10.07,109.7,85,99.6,76,66.6,252,-.057,306,0.84,123,105.8,114,105.0,137,-6.31,321
80,South Carolina,,SEC,17,16,9.91,105.6,161,95.7,25,68.7,153,.003,169,9.63,30,109.9,36,100.3,21,0.89,140
81,South Dakota,,Sum,26,9,9.85,109.0,98,99.2,69,70.9,52,-.048,293,-2.97,228,104.7,165,107.6,287,-1.65,202
82,UNC Greensboro,13,SC,27,8,9.22,104.9,174,95.7,26,65.2,317,-.024,244,-4.57,280,103.7,210,108.2,315,-3.46,272
83,Belmont,,OVC,24,9,9.15,112.7,56,103.5,146,66.9,240,-.004,184,-3.22,237,103.1,238,106.4,215,1.45,116
84,SMU,,Amer,17,16,8.61,109.5,91,100.9,97,64.3,336,-.102,347,2.41,100,105.4,129,103.0,81,-3.88,286
85,Northwestern,,B10,15,17,8.57,109.2,96,100.6,90,63.9,340,-.068,326,8.85,43,109.0,55,100.2,17,-1.90,213
86,Temple,,Amer,17,16,8.38,108.3,111,100.0,78,67.6,204,.028,105,8.53,47,108.9,57,100.3,22,9.11,8
87,Stanford,,P12,19,16,8.37,107.7,120,99.3,71,70.9,53,.016,133,6.29,65,109.1,50,102.8,78,3.46,72
88,Iowa,,B10,14,19,8.14,116.6,19,108.4,242,70.3,71,-.090,341,8.23,49,109.2,48,101.0,41,-4.11,290
89,Wake Forest,,ACC,11,20,7.94,110.9,72,103.0,130,69.5,102,-.120,350,9.05,40,109.2,49,100.2,16,-1.40,194
90,Northern Kentucky,,Horz,22,10,7.93,107.5,123,99.6,75,68.6,159,-.073,332,-4.04,256,102.6,272,106.6,234,1.95,105
91,Vanderbilt,,SEC,12,20,7.93,115.3,29,107.3,219,65.8,289,-.080,336,11.07,10,110.8,20,99.7,8,4.28,53
92,Utah Valley,,WAC,23,11,7.78,110.8,73,103.0,131,68.1,182,-.006,190,-1.94,184,102.4,277,104.4,116,1.28,123
93,East Tennessee St.,,SC,25,9,7.49,105.3,166,97.8,52,67.6,203,-.000,177,-4.19,262,103.6,214,107.7,292,-1.54,198
94,Georgetown,,BE,15,15,7.44,109.7,84,102.3,119,70.5,65,-.046,285,6.28,66,108.4,67,102.1,69,-17.81,351
95,Furman,,SC,23,10,7.41,108.9,99,101.5,104,68.6,156,-.005,188,-4.53,278,103.1,246,107.6,282,-0.73,176
96,Northeastern,,CAA,23,10,7.34,107.8,117,100.5,86,67.0,237,.030,99,-1.27,169,106.1,105,107.4,273,4.09,59
97,Bucknell,14,Pat,25,10,7.31,109.5,90,102.2,116,71.4,40,.006,160,-4.35,268,102.8,260,107.1,264,5.79,31
98,Washington,,P12,21,13,7.09,106.6,140,99.5,73,69.8,88,.075,25,4.75,77,108.3,68,103.5,93,-0.46,169
99,DePaul,,BE,11,20,7.03,104.5,183,97.5,49,69.8,89,-.103,348,9.79,28,111.2,12,101.5,56,-4.14,291
100,Oregon St.,,P12,16,16,6.99,108.2,114,101.3,102,65.5,306,-.083,339,3.02,91,107.3,78,104.3,114,-7.34,336
101,Georgia St.,15,SB,24,11,6.92,108.8,102,101.9,110,66.8,246,-.015,218,-2.51,207,103.4,229,105.9,186,-3.22,263
102,Illinois,,B10,14,18,6.67,109.6,86,103.0,129,69.9,81,-.093,343,7.32,58,108.1,71,100.8,35,-3.19,260
103,Iowa St.,,B12,13,18,6.58,109.9,81,103.4,143,68.9,130,-.009,200,10.71,14,110.5,29,99.7,9,-3.06,251
104,Northern Colorado,,BSky,26,12,6.55,107.3,129,100.8,94,72.2,24,-.023,239,-1.73,181,104.4,178,106.1,197,1.38,119
105,Marshall,13,CUSA,25,11,6.53,109.4,93,102.9,126,74.7,6,.060,54,0.07,137,105.6,118,105.5,164,-7.00,333
106,New Mexico,,MWC,19,15,6.52,113.3,51,106.8,204,71.3,42,-.022,236,2.70,97,105.9,110,103.2,86,1.41,117
107,UNLV,,MWC,20,13,6.44,111.4,65,104.9,174,72.3,22,-.012,209,0.86,122,106.0,109,105.1,145,-5.02,302
108,Mississippi,,SEC,12,20,6.42,111.1,68,104.7,168,70.0,77,-.053,301,9.62,31,109.7,42,100.0,13,0.90,139
109,UAB,,CUSA,20,13,6.32,109.6,87,103.3,138,67.7,201,-.047,291,-0.93,160,104.5,173,105.4,160,-6.96,332
110,Tulsa,,Amer,19,12,6.02,108.3,113,102.3,118,67.3,220,.029,104,0.68,126,105.5,123,104.8,130,-2.04,217
111,UCF,,Amer,19,13,5.62,98.9,281,93.2,8,64.5,333,.062,49,2.52,98,106.5,98,104.0,106,-2.50,235
112,Stephen F. Austin,14,Slnd,28,7,5.58,104.5,181,99.0,64,71.1,49,.031,97,-7.16,319,100.6,330,107.8,293,-2.26,225
113,Toledo,,MAC,23,11,5.31,113.9,46,108.6,247,68.4,166,.049,65,-1.94,185,103.9,195,105.8,183,-1.81,207
114,Colorado,,P12,17,15,5.27,104.9,173,99.6,77,67.8,197,.068,36,6.26,67,110.1,32,103.8,99,-0.09,160
115,College of Charleston,13,CAA,26,8,5.16,108.7,105,103.6,149,64.9,323,.035,91,-4.06,257,104.8,153,108.9,332,-7.64,337
116,Saint Joseph's,,A10,16,16,5.15,105.6,159,100.5,88,70.5,60,-.052,298,0.77,124,105.3,134,104.6,122,2.17,94
117,Minnesota,,B10,15,17,5.08,108.7,104,103.7,152,69.8,85,-.020,233,6.85,61,108.8,60,101.9,66,-5.09,305
118,Wyoming,,MWC,20,13,4.99,105.6,160,100.6,92,73.5,13,.068,35,3.44,88,107.2,83,103.8,97,2.31,90
119,Georgia Tech,,ACC,13,19,4.90,103.6,197,98.7,61,66.1,277,-.022,237,8.11,51,108.8,61,100.6,31,-5.51,316
120,Missouri St.,,MVC,18,15,4.81,108.3,112,103.5,145,65.5,309,-.046,287,1.05,121,103.9,194,102.9,80,-3.02,250
121,Grand Canyon,,WAC,22,12,4.53,102.1,226,97.5,50,69.0,125,-.066,320,-6.92,316,100.0,336,106.9,253,-11.37,346
122,Northern Iowa,,MVC,16,16,4.51,103.2,205,98.7,60,62.7,349,-.032,266,4.58,78,106.8,92,102.2,71,6.04,28
123,UC Santa Barbara,,BW,23,9,4.27,111.4,64,107.1,212,66.7,250,.034,92,-3.86,251,101.8,295,105.7,176,-0.86,180
124,Bradley,,MVC,20,13,3.98,104.4,184,100.4,84,65.8,292,.042,73,1.07,120,104.7,161,103.6,94,-4.52,297
125,Penn,16,Ivy,24,9,3.69,103.1,208,99.4,72,68.9,132,.076,24,-4.15,261,103.7,209,107.8,296,-2.98,249
126,Idaho,,BSky,22,9,3.54,109.2,95,105.6,184,65.6,303,.039,80,-3.98,253,103.1,239,107.1,263,-3.07,252
127,Florida Gulf Coast,,ASun,23,12,3.47,107.5,124,104.0,158,71.6,35,-.059,313,-6.95,317,102.4,279,109.3,341,-0.65,173
128,UT Arlington,,SB,21,13,3.37,105.5,163,102.1,115,72.8,15,.009,152,-1.37,173,104.2,185,105.5,166,-1.20,187
129,UC Davis,,BW,22,11,3.25,104.1,186,100.9,96,66.5,263,.041,75,-1.05,164,103.7,205,104.8,127,4.12,56
130,Rutgers,,B10,15,19,3.07,99.2,270,96.2,28,66.0,281,-.043,283,5.58,70,108.2,70,102.6,74,-14.27,348
131,Canisius,,MAAC,21,12,3.05,107.2,133,104.1,159,68.9,131,-.034,270,-4.82,281,102.4,281,107.2,265,-2.89,247
132,San Diego,,WCC,20,14,3.01,103.6,195,100.6,91,66.9,242,-.014,215,-0.77,156,104.5,175,105.2,150,-2.63,240
133,Wright St.,14,Horz,25,10,2.89,100.6,249,97.7,51,68.3,176,.074,27,-3.79,250,102.7,266,106.5,228,2.23,92
134,Evansville,,MVC,17,15,2.85,99.3,266,96.5,32,65.7,295,.015,138,1.38,109,105.4,131,104.0,103,-3.48,273
135,Southern Illinois,,MVC,20,13,2.82,106.1,146,103.3,140,66.6,253,.073,30,1.27,112,104.5,170,103.3,88,-4.09,289
136,Eastern Washington,,BSky,20,15,2.67,107.3,130,104.6,164,66.5,258,-.004,183,0.11,136,105.4,133,105.2,152,6.20,27
137,Iona,15,MAAC,20,14,2.63,110.0,80,107.3,218,70.7,58,-.008,196,-2.12,195,103.1,240,105.2,151,2.14,95
138,Indiana St.,,MVC,13,18,2.63,104.7,176,102.1,113,69.9,82,-.097,346,3.13,89,105.1,143,102.0,67,2.05,100
139,Utah St.,,MWC,17,17,2.57,107.2,132,104.7,165,66.8,244,-.014,213,2.74,96,106.7,93,103.9,102,-0.95,184
140,Illinois St.,,MVC,18,15,2.39,105.7,157,103.3,139,68.9,138,.116,6,4.95,76,106.1,106,101.2,48,6.60,22
141,Harvard,,Ivy,18,14,2.33,100.6,248,98.3,55,65.6,301,-.008,197,-0.97,162,105.4,128,106.4,214,3.27,77
142,Jacksonville St.,,OVC,23,13,2.32,102.3,219,100.0,79,66.2,271,-.005,189,-4.47,275,103.6,211,108.1,312,-9.38,341
143,Eastern Michigan,,MAC,22,13,2.31,102.3,218,100.0,81,65.1,319,-.006,191,-2.49,205,105.4,126,107.9,302,-2.23,224
144,VCU,,A10,18,15,2.28,106.1,149,103.8,156,70.9,51,.015,136,0.51,129,105.3,138,104.8,125,1.16,128
145,Rider,,MAAC,22,10,2.28,109.2,94,106.9,208,73.8,8,.088,19,-2.78,216,103.1,241,105.9,187,0.32,150
146,North Texas,,CUSA,20,18,2.20,105.6,162,103.4,142,67.8,196,-.048,295,-0.69,153,103.5,222,104.1,108,-0.50,170
147,UC Irvine,,BW,18,17,2.11,100.1,256,98.0,53,67.0,239,-.025,250,1.08,119,105.6,117,104.5,121,8.99,9
148,Saint Louis,,A10,17,16,2.10,102.1,225,100.0,80,64.1,337,.003,168,1.23,113,106.8,91,105.6,171,1.00,135
149,Louisiana Tech,,CUSA,17,16,2.01,106.9,137,104.9,173,67.3,218,-.067,324,-0.37,146,104.1,187,104.5,120,-3.36,265
150,Valparaiso,,MVC,15,17,1.78,103.0,210,101.2,101,69.7,90,-.053,302,1.62,107,105.0,147,103.4,89,-2.72,241
151,Albany,,AE,22,10,1.71,107.1,134,105.4,180,66.2,272,.007,157,-6.49,306,101.4,307,107.9,300,-5.20,307
152,Georgia Southern,,SB,21,12,1.65,105.9,153,104.3,161,68.9,134,.015,137,-2.52,208,102.9,254,105.4,156,-1.55,199
153,Towson,,CAA,18,14,1.29,106.0,151,104.7,167,67.9,188,-.070,329,-2.80,218,104.8,154,107.6,284,-2.22,222
154,Mercer,,SC,19,15,1.27,111.7,60,110.5,283,64.3,335,-.047,288,-2.86,223,102.9,252,105.8,178,-0.19,161
155,Drake,,MVC,17,17,1.09,105.9,152,104.8,171,68.4,169,.016,134,2.22,103,105.4,130,103.2,83,-0.38,167
156,La Salle,,A10,13,19,1.06,104.9,175,103.8,155,68.9,129,-.072,331,1.15,115,105.5,121,104.4,117,2.22,93
157,Hofstra,,CAA,19,12,0.99,111.1,71,110.1,282,68.9,136,.062,50,-1.80,182,105.4,127,107.2,267,1.99,103
158,San Francisco,,WCC,22,17,0.97,102.1,230,101.1,99,67.1,225,.066,37,0.06,138,106.5,100,106.4,221,-0.33,165
159,Weber St.,,BSky,20,11,0.88,106.7,138,105.8,186,67.5,209,.037,87,-2.94,225,103.9,197,106.8,248,-0.23,164
160,Winthrop,,BSth,19,12,0.85,106.1,148,105.2,176,71.6,34,-.037,274,-5.51,291,101.6,304,107.1,261,2.13,97
161,Memphis,,Amer,21,13,0.78,107.5,125,106.7,200,66.6,255,.135,1,0.42,131,104.7,164,104.2,112,-6.39,323
162,Cal St. Fullerton,15,BW,20,12,0.62,103.7,192,103.1,133,69.6,98,.097,14,-1.20,167,103.8,204,105.0,139,2.76,83
163,Wofford,,SC,21,13,0.59,109.1,97,108.5,243,66.1,273,.043,69,-2.59,212,103.7,207,106.3,208,2.05,101
164,Portland St.,,BSky,20,14,0.56,107.9,115,107.3,217,74.6,7,.022,115,-0.82,157,104.9,149,105.7,175,3.30,76
165,Fort Wayne,,Sum,18,15,0.50,107.7,118,107.2,215,72.6,19,-.072,330,-2.49,204,104.4,176,106.9,255,-2.21,221
166,UMBC,16,AE,25,11,0.50,103.1,206,102.6,124,68.4,170,.125,2,-4.38,269,102.7,267,107.1,259,-3.55,277
167,Lipscomb,15,ASun,23,10,0.43,103.2,203,102.8,125,74.9,5,.112,7,-4.31,267,103.2,235,107.5,278,5.84,30
168,Central Michigan,,MAC,21,15,0.13,110.1,79,109.9,272,67.6,205,-.022,234,-3.15,233,103.4,226,106.5,231,-9.32,340
169,William & Mary,,CAA,19,12,0.09,115.3,27,115.2,335,70.0,78,.098,11,-0.75,155,105.5,125,106.3,207,3.56,69
170,Radford,16,BSth,23,13,0.07,102.9,212,102.9,127,63.0,344,.063,45,-4.03,255,102.8,259,106.9,249,3.49,71
171,Tulane,,Amer,14,17,0.04,106.9,136,106.9,207,69.0,126,-.018,224,0.76,125,104.6,167,103.9,100,-6.27,320
172,Dayton,,A10,14,17,0.02,108.4,109,108.3,238,66.3,267,-.004,185,1.36,110,105.6,120,104.2,110,1.38,118
173,Ball St.,,MAC,19,13,-0.08,103.3,202,103.3,141,69.9,83,.060,55,-2.07,192,104.7,163,106.7,245,-1.46,195
174,UTSA,,CUSA,20,15,-0.09,104.7,178,104.7,169,71.8,29,.038,82,-1.04,163,103.9,196,104.9,135,1.32,122
175,Oakland,,Horz,19,14,-0.23,107.4,126,107.7,226,70.3,72,.011,145,-4.41,271,102.5,274,106.9,256,1.24,125
176,North Dakota St.,,Sum,15,17,-0.37,105.0,169,105.4,179,66.5,261,-.078,334,-0.09,142,106.3,104,106.4,217,1.58,113
177,Troy,,SB,16,17,-0.37,106.2,145,106.5,197,68.3,175,-.065,319,-1.18,166,103.7,208,104.8,131,0.04,156
178,Pacific,,WCC,14,18,-0.43,106.6,139,107.0,210,66.3,268,-.016,220,1.28,111,105.8,112,104.6,123,1.84,107
179,Connecticut,,Amer,14,18,-0.43,105.0,171,105.4,178,67.0,236,.075,26,5.89,69,107.7,74,101.8,61,4.87,40
180,Wagner,,NEC,23,10,-0.60,103.0,209,103.6,151,67.6,202,.070,32,-8.35,334,101.2,314,109.5,343,-0.09,159
181,Richmond,,A10,12,20,-0.78,107.4,127,108.1,234,67.9,189,-.022,235,2.75,95,106.6,97,103.8,98,5.44,34
182,Illinois Chicago,,Horz,20,16,-0.84,100.9,245,101.8,107,72.5,20,-.010,204,-4.11,260,102.7,268,106.8,247,-1.48,197
183,Monmouth,,MAAC,11,20,-1.21,103.5,198,104.7,170,70.0,79,-.112,349,-0.86,158,104.8,155,105.7,174,5.06,38
184,Liberty,,BSth,22,15,-1.22,103.9,188,105.2,175,63.1,343,-.052,300,-6.70,310,101.7,297,108.4,322,-5.44,314
185,Nicholls St.,,Slnd,21,11,-1.56,103.3,200,104.9,172,73.5,12,.037,85,-5.69,295,101.9,292,107.6,283,4.11,57
186,Washington St.,,P12,12,19,-1.66,108.4,108,110.0,278,68.2,178,.004,165,4.41,79,107.2,84,102.8,77,-1.75,206
187,UNC Asheville,,BSth,21,13,-1.91,105.7,158,107.6,225,69.4,108,.095,16,-3.36,239,103.3,232,106.7,237,5.59,33
188,Western Michigan,,MAC,17,15,-2.02,106.2,144,108.2,235,67.8,193,.010,148,-1.97,187,104.4,177,106.4,212,-2.51,237
189,Austin Peay,,OVC,19,15,-2.09,105.0,172,107.0,211,69.2,115,.052,60,-2.74,215,103.1,244,105.8,182,4.27,54
190,Princeton,,Ivy,13,16,-2.44,105.3,165,107.8,230,64.5,328,-.055,304,-2.02,188,104.2,186,106.2,202,1.98,104
191,Long Beach St.,,BW,15,18,-2.62,106.1,147,108.7,254,71.8,30,.027,107,1.11,116,104.7,166,103.5,92,8.21,11
192,George Washington,,A10,15,18,-2.66,103.6,196,106.2,193,65.8,288,.036,90,0.31,132,105.3,136,105.0,140,0.16,153
193,Ohio,,MAC,14,17,-2.74,100.4,252,103.1,134,71.3,44,-.047,292,-1.48,177,104.9,148,106.4,220,-1.72,204
194,Miami OH,,MAC,16,18,-2.82,100.2,254,103.0,132,66.7,248,.022,118,-0.68,151,104.8,150,105.5,165,1.72,112
195,Seattle,,WAC,20,14,-2.95,103.7,190,106.7,201,67.4,213,.038,81,-4.43,273,101.9,291,106.4,213,-5.24,308
196,Milwaukee,,Horz,16,17,-3.11,100.3,253,103.4,144,65.7,294,-.023,241,-4.43,274,102.3,285,106.7,241,-2.02,216
197,Yale,,Ivy,16,15,-3.18,103.8,189,107.0,209,68.8,140,.042,71,-1.86,183,104.8,152,106.7,239,1.49,115
198,Tennessee St.,,OVC,15,15,-3.27,97.5,305,100.8,95,65.6,300,.016,132,-2.98,230,103.5,217,106.5,227,4.02,60
199,Southeastern Louisiana,,Slnd,22,12,-3.31,102.6,216,105.9,188,65.7,297,.118,3,-5.11,285,101.6,303,106.7,240,1.12,130
200,Hawaii,,BW,17,13,-3.38,99.1,273,102.5,121,67.9,192,.034,93,-4.00,254,102.9,256,106.9,250,-3.64,280
201,Duquesne,,A10,16,16,-3.63,104.6,179,108.2,236,66.2,269,-.059,312,-6.22,302,101.2,312,107.4,274,-16.97,350
202,Colgate,,Pat,19,14,-3.72,105.0,170,108.7,252,66.6,254,.030,100,-6.25,303,101.7,298,108.0,305,-2.44,230
203,Lamar,,Slnd,19,14,-3.72,101.6,239,105.3,177,67.8,195,-.059,311,-6.97,318,100.5,331,107.5,276,-1.75,205
204,Sam Houston St.,,Slnd,21,15,-3.77,102.1,224,105.9,187,67.2,221,.040,77,-4.27,266,102.3,284,106.6,232,4.15,55
205,Niagara,,MAAC,19,14,-3.99,109.5,88,113.5,323,73.7,10,.090,18,-4.08,258,102.6,269,106.7,242,-3.49,274
206,Southern Miss,,CUSA,16,18,-4.04,105.8,154,109.9,271,65.4,311,.037,84,2.40,101,105.3,139,102.9,79,4.36,50
207,Massachusetts,,A10,13,20,-4.09,106.4,142,110.5,285,66.4,264,-.013,212,-0.54,149,104.3,182,104.8,129,-3.17,259
208,Appalachian St.,,SB,15,18,-4.11,103.4,199,107.5,224,70.1,75,-.026,256,-2.58,210,103.0,248,105.6,168,-0.19,162
209,Coastal Carolina,,SB,14,18,-4.19,101.8,235,105.9,189,67.8,194,-.052,299,-2.25,200,103.5,215,105.8,180,0.76,142
210,Denver,,Sum,15,15,-4.23,102.6,217,106.8,203,66.4,265,.026,109,-2.09,194,104.6,169,106.6,236,-3.34,264
211,Kent St.,,MAC,17,17,-4.34,102.1,227,106.4,194,68.7,152,.066,40,-1.69,178,104.3,180,106.0,193,-1.86,210
212,Fairfield,,MAAC,17,16,-4.37,102.1,229,106.4,195,70.5,63,.051,64,-4.52,277,103.0,249,107.5,275,-0.90,183
213,Central Arkansas,,Slnd,18,17,-4.41,105.4,164,109.8,268,72.7,17,.001,174,-5.45,289,100.7,328,106.1,201,-2.23,223
214,St. Francis PA,,NEC,18,13,-4.86,106.4,143,111.2,300,68.2,180,.039,79,-7.41,326,101.3,308,108.7,330,2.45,87
215,Hartford,,AE,19,14,-4.89,102.9,213,107.8,231,66.5,257,.065,41,-6.02,298,101.2,315,107.2,266,-6.72,327
216,Manhattan,,MAAC,14,17,-4.95,99.3,269,104.2,160,65.8,291,-.007,194,-4.26,265,103.5,220,107.7,291,-3.79,283
217,Saint Peter's,,MAAC,14,18,-5.00,95.5,326,100.5,89,62.6,350,-.037,273,-4.40,270,103.9,198,108.3,316,-5.37,312
218,Campbell,,BSth,18,16,-5.01,105.8,155,110.8,294,68.0,184,-.057,307,-7.30,323,100.6,329,107.9,303,-8.04,338
219,Tennessee Tech,,OVC,19,14,-5.06,98.5,290,103.5,147,70.9,54,.118,4,-2.81,219,104.1,188,106.9,254,-0.53,171
220,George Mason,,A10,16,17,-5.17,102.1,223,107.3,216,69.1,122,.117,5,-0.68,152,105.2,142,105.9,184,-3.59,279
221,South Alabama,,SB,14,18,-5.32,96.9,309,102.2,117,70.4,69,-.033,269,-2.98,229,103.0,251,105.9,190,-6.15,319
222,FIU,,CUSA,14,18,-5.33,98.4,292,103.7,154,69.0,128,-.039,278,-3.16,234,103.0,250,106.1,199,-6.95,331
223,Stony Brook,,AE,13,19,-5.33,96.8,311,102.1,114,68.4,171,.009,150,-2.17,198,104.2,184,106.4,216,1.11,131
224,Colorado St.,,MWC,11,21,-5.66,102.6,214,108.3,237,69.6,97,.037,86,3.92,80,107.1,85,103.2,85,1.14,129
225,Navy,,Pat,20,12,-5.67,98.7,284,104.3,162,65.4,310,.095,15,-8.20,333,100.8,324,109.0,335,-6.56,325
226,Idaho St.,,BSky,14,16,-5.70,103.2,204,108.9,257,68.1,181,-.005,186,-3.69,248,103.8,200,107.5,277,-2.39,228
227,Pittsburgh,,ACC,8,24,-5.76,98.9,278,104.7,166,65.2,318,.007,156,9.14,39,110.0,34,100.8,36,-3.57,278
228,Texas St.,,SB,15,18,-5.79,99.8,261,105.6,183,62.7,348,.003,170,-2.99,231,103.1,242,106.1,196,-6.83,329
229,James Madison,,CAA,10,22,-5.97,101.4,241,107.4,221,67.9,191,-.025,251,-2.06,190,105.6,119,107.6,286,-0.83,179
230,Louisiana Monroe,,SB,16,16,-6.00,100.5,251,106.5,196,66.1,278,.042,70,-2.83,221,102.7,264,105.6,170,-3.19,261
231,Columbia,,Ivy,8,19,-6.01,107.3,128,113.3,321,70.0,80,-.146,351,-3.50,242,102.7,263,106.2,206,-1.21,188
232,Bowling Green,,MAC,16,16,-6.04,102.0,231,108.1,233,70.0,76,.066,39,-2.61,214,103.8,199,106.5,224,-4.63,298
233,Florida Atlantic,,CUSA,12,19,-6.10,95.9,321,102.0,112,69.2,119,-.025,248,-0.28,144,104.8,157,105.1,142,-0.38,168
234,Loyola Marymount,,WCC,11,20,-6.17,107.2,131,113.4,322,66.9,243,.012,142,0.50,130,105.3,137,104.8,126,-2.55,238
235,Lehigh,,Pat,16,14,-6.23,105.7,156,111.9,309,70.8,56,.042,72,-6.82,312,101.2,311,108.0,310,-2.17,220
236,Oral Roberts,,Sum,11,21,-6.24,106.0,150,112.3,314,65.3,315,-.033,268,2.92,92,107.2,81,104.3,113,8.44,10
237,Air Force,,MWC,12,19,-6.25,100.5,250,106.8,202,66.0,284,.022,117,1.72,106,105.7,115,104.0,105,-5.13,306
238,Mount St. Mary's,,NEC,18,14,-6.36,103.7,191,110.1,281,64.7,325,.029,103,-8.63,335,100.7,327,109.4,342,-3.44,271
239,North Dakota,,BSky,12,20,-6.41,103.1,207,109.5,265,71.4,39,.015,135,1.09,118,106.0,108,104.9,133,6.47,24
240,UTEP,,CUSA,11,20,-6.49,98.0,301,104.5,163,67.6,206,-.039,277,-1.14,165,104.3,181,105.4,158,-2.56,239
241,High Point,,BSth,14,16,-6.51,100.1,257,106.6,199,65.9,287,-.082,338,-6.42,305,101.6,302,108.0,309,-1.82,208
242,Cal St. Bakersfield,,WAC,12,18,-6.65,97.3,308,103.9,157,65.3,314,-.024,246,0.64,127,105.5,124,104.9,132,4.67,43
243,Texas Southern,16,SWAC,16,20,-6.65,104.6,180,111.2,299,71.7,31,-.010,206,-6.30,304,101.0,318,107.3,271,17.20,1
244,California,,P12,8,24,-7.27,98.2,296,105.4,181,68.7,154,.008,155,5.14,72,108.9,56,103.8,95,-3.08,253
245,UNC Wilmington,,CAA,11,21,-7.43,104.3,185,111.7,303,72.0,27,-.023,238,-0.32,145,106.6,94,106.9,252,2.87,82
246,Charleston Southern,,BSth,15,16,-7.43,99.4,265,106.8,206,66.5,262,-.019,232,-6.06,299,102.3,282,108.4,320,-1.08,186
247,Delaware,,CAA,14,19,-7.57,102.0,232,109.6,267,65.9,285,.015,139,-2.54,209,105.0,146,107.6,280,-3.38,267
248,Elon,,CAA,14,18,-7.62,103.6,193,111.3,301,67.3,216,.061,52,-0.95,161,105.3,135,106.3,209,2.40,88
249,Northern Illinois,,MAC,13,19,-7.66,103.3,201,111.0,297,67.0,235,.002,173,-1.45,176,104.8,159,106.2,204,-3.54,276
250,Hampton,,MEAC,19,16,-7.68,101.0,243,108.7,251,71.9,28,-.017,223,-11.05,346,99.5,342,110.6,349,1.01,134
251,Drexel,,CAA,13,20,-7.73,103.0,211,110.7,292,69.0,123,.064,42,-2.16,197,105.4,132,107.5,279,-2.43,229
252,Southern Utah,,BSky,13,19,-7.74,102.2,221,110.0,273,71.7,32,.062,47,-0.45,148,105.8,111,106.3,211,4.90,39
253,Robert Morris,,NEC,16,17,-7.79,94.7,331,102.5,122,69.3,112,.036,89,-5.74,296,102.7,265,108.5,323,0.95,137
254,NJIT,,ASun,14,16,-7.95,98.6,286,106.6,198,66.9,241,-.024,242,-7.24,322,103.3,231,110.6,348,-2.51,236
255,Akron,,MAC,14,18,-8.08,101.8,234,109.9,270,67.8,198,.068,34,-2.06,189,104.5,174,106.5,230,-5.30,310
256,Southeast Missouri St.,,OVC,14,17,-8.11,108.5,107,116.6,340,69.2,116,.021,121,-4.53,279,101.7,299,106.2,205,-2.47,232
257,Eastern Illinois,,OVC,12,19,-8.14,99.0,277,107.1,213,65.5,305,.009,149,-2.42,202,103.3,230,105.8,179,2.01,102
258,Boston University,,Pat,15,16,-8.21,100.2,255,108.4,240,67.5,208,.057,58,-5.49,290,102.2,286,107.7,289,-2.35,226
259,LIU Brooklyn,16,NEC,18,17,-8.27,102.3,220,110.6,287,71.6,37,.012,144,-8.68,336,100.2,334,108.9,333,-6.06,317
260,UT Rio Grande Valley,,WAC,15,18,-8.47,99.3,268,107.8,229,73.7,9,.064,43,-2.78,217,102.0,290,104.7,124,-2.47,231
261,Gardner Webb,,BSth,14,18,-8.52,97.6,304,106.1,192,67.7,199,.021,120,-2.87,224,103.1,243,106.0,191,6.54,23
262,Abilene Christian,,Slnd,16,16,-8.66,98.2,298,106.8,205,68.6,155,.014,141,-6.52,308,101.3,309,107.8,297,-3.16,258
263,Green Bay,,Horz,13,20,-8.67,99.9,258,108.6,248,72.2,23,-.028,258,-4.11,259,102.6,273,106.7,238,0.25,152
264,Army,,Pat,13,17,-8.69,99.8,259,108.5,245,70.4,67,-.045,284,-7.17,320,101.9,294,109.1,337,-4.75,300
265,Cornell,,Ivy,12,16,-8.90,104.7,177,113.6,324,69.2,117,.057,57,-3.19,235,103.5,224,106.6,235,-1.84,209
266,New Orleans,,Slnd,16,17,-8.95,98.5,288,107.4,223,66.1,279,.047,67,-4.84,282,101.6,301,106.5,225,11.06,3
267,Brown,,Ivy,11,16,-9.16,100.8,246,110.0,274,71.7,33,.004,167,-5.54,293,102.4,278,108.0,304,-7.07,334
268,UC Riverside,,BW,9,22,-9.17,94.5,333,103.7,153,68.3,177,-.067,323,-1.31,170,103.8,202,105.1,143,1.76,109
269,Prairie View A&M,,SWAC,16,18,-9.20,101.4,240,110.6,290,70.8,55,.010,147,-7.94,330,100.0,337,107.9,301,10.43,4
270,Montana St.,,BSky,13,19,-9.27,102.1,228,111.3,302,69.7,94,.026,110,-2.85,222,104.5,172,107.4,272,-1.88,212
271,Pepperdine,,WCC,6,26,-9.51,105.0,168,114.5,328,67.5,210,-.056,305,1.09,117,106.3,103,105.2,149,-0.68,175
272,Portland,,WCC,10,22,-9.66,99.0,275,108.7,253,67.1,228,-.001,179,1.20,114,106.5,99,105.3,153,0.61,145
273,Morehead St.,,OVC,8,21,-9.96,99.0,274,109.0,258,68.5,164,-.069,328,-0.74,154,104.7,160,105.5,162,7.60,16
274,Fairleigh Dickinson,,NEC,13,18,-10.16,102.2,222,112.4,315,70.5,66,.025,113,-5.59,294,102.1,288,107.7,290,5.93,29
275,Lafayette,,Pat,10,21,-10.17,101.8,233,112.0,310,68.3,174,-.097,345,-6.55,309,101.5,305,108.1,311,-2.80,244
276,UMKC,,WAC,10,22,-10.32,98.2,295,108.5,246,69.3,111,-.009,201,-0.19,143,104.8,158,105.0,138,1.93,106
277,Santa Clara,,WCC,11,20,-10.34,99.2,272,109.5,264,64.6,326,.018,127,-1.33,171,105.2,141,106.6,233,-6.82,328
278,New Hampshire,,AE,10,21,-10.35,98.2,297,108.5,244,65.4,313,-.069,327,-4.86,283,102.4,280,107.2,269,-4.07,288
279,South Florida,,Amer,10,22,-10.45,98.8,282,109.3,261,64.6,327,-.013,211,-1.73,180,103.6,212,105.3,154,-11.64,347
280,Quinnipiac,,MAAC,12,21,-10.46,101.7,236,112.2,313,66.5,260,.079,20,-4.19,263,103.1,245,107.3,270,-3.84,285
281,Arkansas St.,,SB,11,21,-10.56,104.5,182,115.1,333,69.5,99,.017,131,-2.27,201,102.9,255,105.1,146,-2.75,242
282,North Florida,,ASun,14,19,-10.65,107.7,121,118.4,345,73.6,11,.074,29,-0.86,159,104.7,162,105.6,167,9.82,5
283,Nebraska Omaha,,Sum,9,22,-10.67,104.1,187,114.7,330,69.8,87,.012,143,1.80,105,106.9,88,105.1,144,4.31,52
284,IUPUI,,Horz,11,19,-10.72,98.3,293,109.0,259,66.1,276,.030,101,-3.20,236,103.2,237,106.4,218,2.32,89
285,Sacramento St.,,BSky,7,25,-10.77,99.8,260,110.6,286,65.6,304,-.067,321,0.05,139,105.5,122,105.5,163,3.32,75
286,Eastern Kentucky,,OVC,11,20,-10.96,101.7,237,112.6,316,68.6,161,.017,129,-2.50,206,103.2,236,105.7,177,1.19,126
287,UMass Lowell,,AE,12,18,-11.00,103.6,194,114.6,329,71.6,36,.002,171,-6.84,314,100.8,326,107.6,281,-9.71,343
288,Bethune Cookman,,MEAC,18,14,-11.05,99.5,262,110.6,288,76.0,3,.025,112,-13.38,351,97.2,351,110.6,350,-5.09,304
289,Rice,,CUSA,7,24,-11.09,99.0,276,110.1,280,67.5,212,-.041,281,0.21,134,104.2,183,104.0,104,1.04,133
290,Holy Cross,,Pat,12,19,-11.36,97.5,306,108.9,256,62.9,346,.026,108,-6.02,297,101.8,296,107.8,294,-3.43,269
291,McNeese St.,,Slnd,12,17,-11.47,100.6,247,112.1,311,70.4,68,-.025,247,-5.05,284,101.5,306,106.5,229,7.74,14
292,Fordham,,A10,9,22,-11.63,94.5,334,106.1,191,66.0,283,.009,151,-0.38,147,104.5,171,104.9,134,-5.39,313
293,Western Illinois,,Sum,12,16,-11.65,96.1,319,107.7,228,68.1,183,.006,159,-2.21,199,104.8,151,107.1,258,-6.56,326
294,Tennessee Martin,,OVC,10,21,-11.66,95.5,327,107.2,214,66.1,275,-.019,231,-4.41,272,103.2,234,107.6,288,-2.80,245
295,Grambling St.,,SWAC,17,14,-11.71,94.3,336,106.0,190,72.2,25,.102,9,-9.87,343,98.8,346,108.7,329,3.07,79
296,Little Rock,,SB,7,25,-11.91,93.8,338,105.7,185,65.0,320,-.058,308,-1.35,172,104.1,190,105.4,159,-0.37,166
297,Binghamton,,AE,11,20,-11.93,97.4,307,109.4,262,66.1,280,-.061,316,-6.88,315,101.0,319,107.9,299,-8.65,339
298,Samford,,SC,10,22,-12.00,107.7,119,119.7,349,71.2,47,-.036,272,-2.09,193,103.5,219,105.6,169,3.84,63
299,Dartmouth,,Ivy,7,20,-12.09,98.5,287,110.6,289,66.8,245,-.043,282,-3.61,246,103.5,218,107.1,262,-2.86,246
300,Cleveland St.,,Horz,12,23,-12.14,97.9,302,110.0,277,67.1,231,.032,96,-3.64,247,102.8,258,106.5,226,-1.36,192
301,San Jose St.,,MWC,4,26,-12.27,95.4,329,107.7,227,67.1,229,-.030,262,3.05,90,107.2,82,104.2,109,-0.88,181
302,Western Carolina,,SC,13,19,-12.30,95.7,323,108.0,232,69.4,109,.102,10,-0.66,150,105.1,144,105.8,181,5.22,36
303,Siena,,MAAC,8,24,-12.38,96.5,316,108.9,255,65.7,298,-.015,219,-3.01,232,104.0,191,107.0,257,0.49,148
304,Chattanooga,,SC,10,23,-12.53,99.2,271,111.8,304,65.5,308,-.024,243,-3.39,240,103.4,227,106.8,246,-2.10,219
305,Sacred Heart,,NEC,10,21,-12.57,96.0,320,108.6,250,68.4,172,-.076,333,-8.04,331,100.9,321,109.0,334,-3.94,287
306,North Carolina A&T,,MEAC,20,15,-12.68,98.1,299,110.8,293,69.3,113,.098,12,-11.80,348,98.7,347,110.5,346,-1.27,189
307,East Carolina,,Amer,10,20,-12.78,96.7,312,109.5,263,68.7,148,.026,111,-2.46,203,102.9,257,105.3,155,-16.35,349
308,Charlotte,,CUSA,6,23,-12.81,99.3,267,112.1,312,71.2,48,-.024,245,0.17,135,104.6,168,104.4,118,-3.21,262
309,Kennesaw St.,,ASun,10,20,-12.82,98.9,279,111.8,305,68.5,163,-.023,240,-4.51,276,103.7,206,108.2,314,2.54,85
310,Central Connecticut,,NEC,14,18,-12.85,98.0,300,110.8,296,64.5,329,.066,38,-7.33,325,100.9,323,108.2,313,-3.69,281
311,Texas A&M Corpus Chris,,Slnd,11,18,-12.88,94.5,332,107.4,222,68.2,179,-.015,217,-6.14,300,100.9,322,107.1,260,4.54,48
312,Norfolk St.,,MEAC,14,19,-13.14,95.4,328,108.6,249,69.0,127,.002,172,-11.00,345,98.9,344,109.9,345,0.76,143
313,St. Francis NY,,NEC,13,18,-13.17,98.7,285,111.8,308,69.2,114,.022,116,-7.33,324,101.1,316,108.4,321,-2.35,227
314,Stetson,,ASun,12,20,-13.27,98.5,289,111.8,306,69.8,86,-.041,280,-6.49,307,102.1,289,108.6,326,-4.23,295
315,The Citadel,,SC,11,21,-13.33,101.6,238,114.9,332,77.2,2,.062,48,-2.58,211,103.5,216,106.1,198,0.98,136
316,North Carolina Central,16,MEAC,19,16,-13.41,96.6,314,110.0,276,65.0,321,.019,126,-12.78,350,98.4,349,111.2,351,-1.47,196
317,Savannah St.,,MEAC,15,17,-13.55,100.9,244,114.5,326,82.3,1,.108,8,-6.81,311,101.2,313,108.0,308,15.20,2
318,SIU Edwardsville,,OVC,9,21,-13.61,99.4,264,113.0,318,69.2,118,.069,33,-2.94,226,103.4,225,106.4,219,-1.32,191
319,Detroit,,Horz,8,24,-14.20,102.6,215,116.8,342,72.4,21,-.011,208,-2.07,191,103.6,213,105.7,173,4.64,45
320,Jacksonville,,ASun,15,18,-14.27,94.2,337,108.4,241,68.6,157,.060,53,-6.82,313,102.3,283,109.1,339,-3.11,256
321,Marist,,MAAC,6,25,-14.47,98.5,291,112.9,317,69.6,96,-.048,294,-4.24,264,103.4,228,107.6,285,-3.40,268
322,Youngstown St.,,Horz,8,24,-14.56,101.4,242,115.9,338,71.1,50,-.010,205,-1.70,179,103.2,233,104.9,136,5.26,35
323,Loyola MD,,Pat,9,22,-14.58,96.2,318,110.8,295,68.4,168,.020,122,-5.37,288,102.6,271,108.0,306,-1.61,201
324,Morgan St.,,MEAC,13,19,-14.82,96.3,317,111.1,298,68.9,133,-.060,314,-11.95,349,98.6,348,110.5,347,0.36,149
325,Cal Poly,,BW,9,22,-14.98,98.2,294,113.2,320,66.2,270,.051,63,-1.41,175,103.8,201,105.2,148,0.51,146
326,Southern,,SWAC,15,18,-15.51,94.3,335,109.8,269,68.0,187,.051,62,-11.24,347,98.1,350,109.3,340,6.62,21
327,Northern Arizona,,BSky,5,27,-16.02,93.5,340,109.5,266,68.6,158,-.030,264,0.26,133,105.3,140,105.0,141,3.45,73
328,American,,Pat,6,24,-16.14,95.6,324,111.8,307,66.5,256,-.061,315,-6.16,301,102.1,287,108.3,317,-3.16,257
329,Arkansas Pine Bluff,,SWAC,14,21,-16.45,93.6,339,110.0,275,67.5,211,.044,68,-9.64,342,98.9,345,108.5,324,3.38,74
330,Cal St. Northridge,,BW,6,24,-16.46,96.7,313,113.2,319,65.8,290,-.047,289,-3.23,238,102.8,262,106.0,194,-3.50,275
331,VMI,,SC,9,21,-17.43,89.9,346,107.4,220,68.8,139,.024,114,-3.79,249,104.1,189,107.9,298,-2.50,233
332,Maine,,AE,6,26,-17.46,90.9,342,108.4,239,71.3,41,-.002,181,-2.82,220,103.5,223,106.3,210,-1.56,200
333,Houston Baptist,,Slnd,6,25,-17.64,98.9,280,116.5,339,73.5,14,-.092,342,-3.59,244,102.5,275,106.1,200,9.29,7
334,Presbyterian,,BSth,11,21,-17.66,97.8,303,115.5,336,63.4,342,.062,51,-5.21,286,101.7,300,106.9,251,-3.37,266
335,Howard,,MEAC,10,23,-19.04,99.4,263,118.5,346,69.9,84,-.039,275,-9.50,341,99.6,340,109.1,338,2.28,91
336,Alcorn St.,,SWAC,11,21,-19.43,95.0,330,114.4,325,68.0,186,-.055,303,-9.05,338,99.6,339,108.7,328,9.81,6
337,Jackson St.,,SWAC,12,20,-19.60,89.4,348,109.0,260,64.1,338,.062,46,-10.01,344,99.7,338,109.7,344,4.32,51
338,USC Upstate,,ASun,7,25,-19.77,105.2,167,125.0,351,69.0,124,-.051,297,-3.44,241,103.0,247,106.4,223,1.76,110
339,Alabama St.,,SWAC,8,23,-19.86,95.8,322,115.7,337,68.8,145,-.018,228,-9.14,339,99.2,343,108.4,319,4.68,42
340,Longwood,,BSth,7,26,-20.41,89.6,347,110.0,279,69.1,121,-.039,276,-3.96,252,102.8,261,106.7,243,-0.88,182
341,Florida A&M,,MEAC,9,25,-21.21,95.6,325,116.8,341,67.1,230,.040,78,-7.55,328,101.0,317,108.6,327,6.38,25
342,Incarnate Word,,Slnd,7,21,-21.60,93.5,341,115.1,334,69.7,95,-.006,193,-5.52,292,101.2,310,106.7,244,8.16,12
343,South Carolina St.,,MEAC,10,22,-21.86,96.9,310,118.7,347,70.5,64,.030,102,-8.97,337,100.1,335,109.1,336,4.47,49
344,Bryant,,NEC,3,28,-22.06,98.7,283,120.7,350,70.1,74,-.013,210,-5.30,287,101.9,293,107.2,268,1.28,124
345,Northwestern St.,,Slnd,4,25,-22.41,88.3,349,110.7,291,68.9,137,-.080,337,-3.59,245,102.6,270,106.2,203,7.92,13
346,Chicago St.,,WAC,3,29,-22.59,96.5,315,119.1,348,72.1,26,-.063,317,2.85,93,106.1,107,103.3,87,6.32,26
347,Coppin St.,,MEAC,5,27,-23.97,86.5,351,110.5,284,67.1,232,-.026,253,-7.19,321,100.8,325,108.0,307,5.62,32
348,Mississippi Valley St.,,SWAC,4,28,-24.21,90.3,345,114.5,327,69.4,106,-.032,267,-7.46,327,100.3,332,107.8,295,7.23,19
349,Maryland Eastern Shore,,MEAC,7,25,-27.06,90.8,343,117.8,343,65.9,286,-.018,227,-7.58,329,101.0,320,108.5,325,7.48,18
350,Delaware St.,,MEAC,4,28,-27.94,90.3,344,118.3,344,64.9,322,-.094,344,-9.20,340,99.6,341,108.8,331,1.72,111
351,Alabama A&M,,SWAC,3,28,-28.31,86.6,350,114.9,331,65.8,293,-.040,279,-8.10,332,100.2,333,108.3,318,4.85,41
