Year,Home,Away,Home_Score,Away_Score,Team_Home,G_Home,SRS_Home,SOS_Home,Tm._Home,Opp._Home,MP_Home,FG_opp_Home,FGA_opp_Home,FG%_opp_Home,3P_opp_Home,3PA_opp_Home,3P%_opp_Home,FT_opp_Home,FTA_opp_Home,FT%_opp_Home,ORB_opp_Home,TRB_opp_Home,AST_opp_Home,STL_opp_Home,BLK_opp_Home,TOV_opp_Home,PF_opp_Home,FG_Home,FGA_Home,FG%_Home,3P_Home,3PA_Home,3P%_Home,FT_Home,FTA_Home,FT%_Home,ORB_Home,TRB_Home,AST_Home,STL_Home,BLK_Home,TOV_Home,PF_Home,Team_Away,G_Away,SRS_Away,SOS_Away,Tm._Away,Opp._Away,MP_Away,FG_opp_Away,FGA_opp_Away,FG%_opp_Away,3P_opp_Away,3PA_opp_Away,3P%_opp_Away,FT_opp_Away,FTA_opp_Away,FT%_opp_Away,ORB_opp_Away,TRB_opp_Away,AST_opp_Away,STL_opp_Away,BLK_opp_Away,TOV_opp_Away,PF_opp_Away,FG_Away,FGA_Away,FG%_Away,3P_Away,3PA_Away,3P%_Away,FT_Away,FTA_Away,FT%_Away,ORB_Away,TRB_Away,AST_Away,STL_Away,BLK_Away,TOV_Away,PF_Away
2017,USC,Providence,75,71,USC,36,11.48,6.4,2816,2633,1445,973,2243,0.434,301,819,0.368,386,538,0.7170000000000001,408,1272,522,200,115,452,673,975,2139,0.456,283,782,0.36200000000000004,583,787,0.741,387,1286,550,252,190,398,571,Providence,33,11.24,7.84,2319,2207,1325,810,1840,0.44,207,631,0.32799999999999996,380,562,0.6759999999999999,322,1142,392,206,96,454,629,804,1795,0.44799999999999995,239,645,0.371,472,683,0.691,294,1101,471,218,98,412,569
2017,USC,SMU,66,65,USC,36,11.48,6.4,2816,2633,1445,973,2243,0.434,301,819,0.368,386,538,0.7170000000000001,408,1272,522,200,115,452,673,975,2139,0.456,283,782,0.36200000000000004,583,787,0.741,387,1286,550,252,190,398,571,SMU,35,18.71,4.45,2599,2100,1400,745,1928,0.386,282,878,0.321,328,474,0.6920000000000001,329,1035,415,172,105,409,633,914,1934,0.473,286,705,0.406,485,696,0.6970000000000001,416,1335,566,200,117,377,506
2017,USC,Baylor,78,82,USC,36,11.48,6.4,2816,2633,1445,973,2243,0.434,301,819,0.368,386,538,0.7170000000000001,408,1272,522,200,115,452,673,975,2139,0.456,283,782,0.36200000000000004,583,787,0.741,387,1286,550,252,190,398,571,Baylor,35,19.75,11.87,2550,2228,1400,794,1960,0.405,222,687,0.32299999999999995,418,586,0.713,351,1023,462,189,126,397,645,921,1956,0.47100000000000003,230,641,0.359,478,661,0.723,451,1329,544,180,166,469,617
2017,New Mexico State,Baylor,73,91,New Mexico State,34,4.66,-3.82,2678,2310,1365,827,1972,0.419,188,640,0.294,468,686,0.682,371,1124,359,178,65,466,736,913,1957,0.467,252,747,0.337,600,843,0.7120000000000001,436,1339,505,166,128,465,627,Baylor,35,19.75,11.87,2550,2228,1400,794,1960,0.405,222,687,0.32299999999999995,418,586,0.713,351,1023,462,189,126,397,645,921,1956,0.47100000000000003,230,641,0.359,478,661,0.723,451,1329,544,180,166,469,617
2017,South Carolina,Baylor,70,50,South Carolina,37,17.52,10.16,2707,2414,1505,789,1969,0.401,208,687,0.303,628,868,0.7240000000000001,382,1304,363,222,142,632,777,924,2197,0.42100000000000004,248,733,0.33799999999999997,611,874,0.6990000000000001,464,1346,468,288,142,480,751,Baylor,35,19.75,11.87,2550,2228,1400,794,1960,0.405,222,687,0.32299999999999995,418,586,0.713,351,1023,462,189,126,397,645,921,1956,0.47100000000000003,230,641,0.359,478,661,0.723,451,1329,544,180,166,469,617
2017,UC-Davis,North Carolina Central,67,63,UC-Davis,36,-5.21,-4.68,2525,2506,1455,889,2086,0.426,253,768,0.32899999999999996,475,666,0.713,347,1241,479,248,122,503,759,873,2008,0.435,221,635,0.348,558,828,0.674,364,1280,461,202,118,513,688,North Carolina Central,34,-3.18,-12.12,2542,2159,1360,788,2007,0.39299999999999996,210,724,0.29,373,576,0.648,416,1225,359,155,92,474,608,910,2005,0.45399999999999996,255,761,0.335,467,684,0.6829999999999999,397,1313,480,209,112,406,587
2017,UC-Davis,Kansas,62,100,UC-Davis,36,-5.21,-4.68,2525,2506,1455,889,2086,0.426,253,768,0.32899999999999996,475,666,0.713,347,1241,479,248,122,503,759,873,2008,0.435,221,635,0.348,558,828,0.674,364,1280,461,202,118,513,688,Kansas,36,23.53,12.23,2995,2588,1455,924,2200,0.42,268,753,0.35600000000000004,472,660,0.715,401,1234,461,245,132,483,673,1071,2193,0.488,318,787,0.40399999999999997,535,789,0.6779999999999999,428,1393,584,250,162,456,639
2017,Michigan State,Kansas,70,90,Michigan State,35,13.67,10.5,2515,2404,1405,832,2027,0.41,229,662,0.34600000000000003,511,704,0.726,349,1150,446,211,105,380,658,905,1927,0.47,273,732,0.373,432,646,0.669,328,1275,591,151,162,490,699,Kansas,36,23.53,12.23,2995,2588,1455,924,2200,0.42,268,753,0.35600000000000004,472,660,0.715,401,1234,461,245,132,483,673,1071,2193,0.488,318,787,0.40399999999999997,535,789,0.6779999999999999,428,1393,584,250,162,456,639
2017,Purdue,Kansas,66,98,Purdue,35,20.13,8.79,2790,2393,1415,902,2145,0.42100000000000004,242,728,0.332,347,491,0.7070000000000001,313,1088,451,228,109,411,666,980,2044,0.479,315,782,0.40299999999999997,515,680,0.757,344,1322,640,181,87,455,552,Kansas,36,23.53,12.23,2995,2588,1455,924,2200,0.42,268,753,0.35600000000000004,472,660,0.715,401,1234,461,245,132,483,673,1071,2193,0.488,318,787,0.40399999999999997,535,789,0.6779999999999999,428,1393,584,250,162,456,639
2017,Oregon,Kansas,74,60,Oregon,39,20.8,8.38,3076,2565,1565,932,2311,0.40299999999999997,273,873,0.313,428,595,0.7190000000000001,408,1274,456,186,133,516,742,1091,2270,0.48100000000000004,334,880,0.38,560,787,0.7120000000000001,412,1431,614,253,248,454,614,Kansas,36,23.53,12.23,2995,2588,1455,924,2200,0.42,268,753,0.35600000000000004,472,660,0.715,401,1234,461,245,132,483,673,1071,2193,0.488,318,787,0.40399999999999997,535,789,0.6779999999999999,428,1393,584,250,162,456,639
2017,Akron,Houston,78,75,Akron,36,3.59,-1.21,2772,2550,1440,913,2058,0.444,249,683,0.365,475,673,0.706,347,1188,411,210,72,415,671,949,2035,0.466,366,984,0.37200000000000005,508,744,0.6829999999999999,357,1246,517,198,118,422,653,Houston,32,12.2,3.42,2358,2077,1285,701,1717,0.408,218,662,0.32899999999999996,457,633,0.722,342,1115,360,153,98,437,578,850,1902,0.447,268,681,0.39399999999999996,390,544,0.7170000000000001,362,1138,406,170,113,315,601
2017,Akron,Texas-Arlington,69,85,Akron,36,3.59,-1.21,2772,2550,1440,913,2058,0.444,249,683,0.365,475,673,0.706,347,1188,411,210,72,415,671,949,2035,0.466,366,984,0.37200000000000005,508,744,0.6829999999999999,357,1246,517,198,118,422,653,Texas-Arlington,36,5.92,-0.87,2818,2516,1440,859,2081,0.413,300,942,0.318,498,762,0.654,399,1273,464,242,117,525,682,999,2168,0.461,310,920,0.337,510,749,0.6809999999999999,430,1384,566,266,81,472,691
2017,Cal State Bakersfield,Texas-Arlington,80,76,Cal State Bakersfield,35,3.21,-1.94,2502,2235,1425,696,1874,0.371,242,762,0.318,601,870,0.691,389,1232,385,213,118,584,686,895,2035,0.44,229,652,0.35100000000000003,483,755,0.64,433,1349,507,286,137,519,794,Texas-Arlington,36,5.92,-0.87,2818,2516,1440,859,2081,0.413,300,942,0.318,498,762,0.654,399,1273,464,242,117,525,682,999,2168,0.461,310,920,0.337,510,749,0.6809999999999999,430,1384,566,266,81,472,691
2017,Ball State,Purdue-Fort Wayne,80,88,Ball State,34,-1.45,-3.57,2677,2567,1380,885,2097,0.42200000000000004,267,751,0.35600000000000004,530,738,0.718,372,1222,415,247,112,435,661,929,2014,0.461,319,841,0.379,500,696,0.718,335,1281,529,203,118,496,658,Purdue-Fort Wayne,33,0.38,-3.19,2869,2602,1340,900,2031,0.44299999999999995,327,854,0.38299999999999995,475,636,0.747,277,1089,490,209,82,467,559,1055,2127,0.496,352,876,0.402,407,561,0.725,334,1245,576,255,129,450,592
2017,Belmont,Georgia,78,69,Belmont,30,4.28,-1.69,2302,2078,1205,742,1739,0.42700000000000005,178,559,0.318,416,558,0.746,263,973,340,171,87,340,534,798,1703,0.469,306,895,0.342,400,521,0.768,254,1057,481,131,80,380,531,Georgia,34,11.13,10.28,2435,2393,1370,832,2024,0.41100000000000003,246,734,0.335,483,692,0.698,365,1184,393,217,119,402,689,836,1903,0.439,175,538,0.325,588,777,0.757,330,1259,429,182,126,444,632
2017,Belmont,Georgia Tech,57,71,Belmont,30,4.28,-1.69,2302,2078,1205,742,1739,0.42700000000000005,178,559,0.318,416,558,0.746,263,973,340,171,87,340,534,798,1703,0.469,306,895,0.342,400,521,0.768,254,1057,481,131,80,380,531,Georgia Tech,37,7.82,8.21,2496,2472,1485,887,2231,0.39799999999999996,272,824,0.33,426,608,0.701,429,1343,490,252,145,485,662,910,2079,0.43799999999999994,171,516,0.331,505,740,0.682,356,1330,570,245,221,494,592
2017,Cal State Bakersfield,Georgia Tech,61,76,Cal State Bakersfield,35,3.21,-1.94,2502,2235,1425,696,1874,0.371,242,762,0.318,601,870,0.691,389,1232,385,213,118,584,686,895,2035,0.44,229,652,0.35100000000000003,483,755,0.64,433,1349,507,286,137,519,794,Georgia Tech,37,7.82,8.21,2496,2472,1485,887,2231,0.39799999999999996,272,824,0.33,426,608,0.701,429,1343,490,252,145,485,662,910,2079,0.43799999999999994,171,516,0.331,505,740,0.682,356,1330,570,245,221,494,592
2017,UC-Irvine,Illinois State,71,85,UC-Irvine,36,0.18,-2.7,2514,2331,1450,779,2034,0.38299999999999995,221,682,0.324,552,789,0.7,352,1191,407,201,97,379,638,915,2062,0.444,265,734,0.361,419,611,0.6859999999999999,402,1429,460,176,154,481,748,Illinois State,35,10.3,2.71,2418,2146,1405,733,1934,0.379,246,750,0.32799999999999996,434,627,0.6920000000000001,369,1206,387,204,91,448,576,865,1972,0.439,294,797,0.369,394,593,0.664,369,1293,483,250,170,427,620
2017,UCF,Illinois State,63,62,UCF,36,9.58,3.69,2414,2202,1445,793,2175,0.365,273,873,0.313,343,485,0.7070000000000001,370,1174,483,231,103,351,708,825,1898,0.435,263,748,0.35200000000000004,501,758,0.6609999999999999,389,1471,400,144,145,525,548,Illinois State,35,10.3,2.71,2418,2146,1405,733,1934,0.379,246,750,0.32799999999999996,434,627,0.6920000000000001,369,1206,387,204,91,448,576,865,1972,0.439,294,797,0.369,394,593,0.664,369,1293,483,250,170,427,620
2017,Colorado,UCF,74,79,Colorado,34,9.12,6.0,2568,2455,1370,855,1978,0.43200000000000005,277,754,0.36700000000000005,468,662,0.7070000000000001,340,1171,423,192,131,407,717,888,1993,0.446,250,718,0.348,542,770,0.7040000000000001,403,1276,474,172,146,410,632,UCF,36,9.58,3.69,2414,2202,1445,793,2175,0.365,273,873,0.313,343,485,0.7070000000000001,370,1174,483,231,103,351,708,825,1898,0.435,263,748,0.35200000000000004,501,758,0.6609999999999999,389,1471,400,144,145,525,548
2017,TCU,UCF,68,53,TCU,39,15.64,10.95,2914,2718,1570,988,2230,0.44299999999999995,273,757,0.361,469,685,0.685,392,1260,580,226,149,509,709,1064,2284,0.466,280,790,0.354,506,738,0.6859999999999999,453,1404,661,256,175,504,676,UCF,36,9.58,3.69,2414,2202,1445,793,2175,0.365,273,873,0.313,343,485,0.7070000000000001,370,1174,483,231,103,351,708,825,1898,0.435,263,748,0.35200000000000004,501,758,0.6609999999999999,389,1471,400,144,145,525,548
2017,Illinois,UCF,58,68,Illinois,35,10.54,9.25,2508,2417,1405,869,2002,0.434,245,734,0.33399999999999996,434,597,0.727,311,1161,396,186,97,448,651,898,2019,0.445,270,731,0.369,442,643,0.687,342,1217,472,197,83,433,641,UCF,36,9.58,3.69,2414,2202,1445,793,2175,0.365,273,873,0.313,343,485,0.7070000000000001,370,1174,483,231,103,351,708,825,1898,0.435,263,748,0.35200000000000004,501,758,0.6609999999999999,389,1471,400,144,145,525,548
2017,Eastern Washington,Wyoming,81,91,Eastern Washington,34,-2.77,-4.43,2695,2592,1410,897,2031,0.442,271,731,0.371,527,733,0.7190000000000001,343,1154,464,218,91,359,660,947,1975,0.479,281,741,0.379,520,675,0.77,309,1196,421,158,162,415,679,Wyoming,38,2.83,0.55,2961,2833,1545,957,2381,0.402,257,828,0.31,662,914,0.7240000000000001,409,1495,427,259,111,460,809,986,2265,0.435,369,1055,0.35,620,849,0.73,322,1446,561,195,172,502,783
2017,Utah Valley,Wyoming,68,74,Utah Valley,34,-1.22,-2.44,2615,2479,1385,886,2135,0.415,222,702,0.316,485,722,0.672,331,1288,455,234,94,471,701,886,2028,0.43700000000000006,300,937,0.32,543,767,0.708,306,1350,530,216,123,522,667,Wyoming,38,2.83,0.55,2961,2833,1545,957,2381,0.402,257,828,0.31,662,914,0.7240000000000001,409,1495,427,259,111,460,809,986,2265,0.435,369,1055,0.35,620,849,0.73,322,1446,561,195,172,502,783
2017,UMKC,Wyoming,61,72,UMKC,35,-4.97,-1.06,2691,2753,1405,951,2081,0.457,257,759,0.33899999999999997,594,873,0.68,389,1317,490,222,97,522,709,911,2076,0.439,315,848,0.371,554,777,0.713,353,1213,451,236,92,510,772,Wyoming,38,2.83,0.55,2961,2833,1545,957,2381,0.402,257,828,0.31,662,914,0.7240000000000001,409,1495,427,259,111,460,809,986,2265,0.435,369,1055,0.35,620,849,0.73,322,1446,561,195,172,502,783
2017,Coastal Carolina,Wyoming,57,81,Coastal Carolina,39,-3.94,-1.48,2833,2858,1570,979,2345,0.41700000000000004,369,1098,0.336,531,751,0.7070000000000001,385,1449,512,232,131,470,700,1021,2416,0.423,318,963,0.33,473,719,0.6579999999999999,480,1571,467,237,109,508,709,Wyoming,38,2.83,0.55,2961,2833,1545,957,2381,0.402,257,828,0.31,662,914,0.7240000000000001,409,1495,427,259,111,460,809,986,2265,0.435,369,1055,0.35,620,849,0.73,322,1446,561,195,172,502,783
2017,Coastal Carolina,Wyoming,59,83,Coastal Carolina,39,-3.94,-1.48,2833,2858,1570,979,2345,0.41700000000000004,369,1098,0.336,531,751,0.7070000000000001,385,1449,512,232,131,470,700,1021,2416,0.423,318,963,0.33,473,719,0.6579999999999999,480,1571,467,237,109,508,709,Wyoming,38,2.83,0.55,2961,2833,1545,957,2381,0.402,257,828,0.31,662,914,0.7240000000000001,409,1495,427,259,111,460,809,986,2265,0.435,369,1055,0.35,620,849,0.73,322,1446,561,195,172,502,783
2017,Fairfield,UMBC,83,88,Fairfield,31,-4.75,-3.85,2251,2279,1250,830,1890,0.439,210,634,0.331,409,604,0.677,329,1182,392,200,76,392,528,822,1859,0.442,262,782,0.335,345,506,0.682,275,1115,464,166,92,416,567,UMBC,34,-3.84,-5.87,2759,2624,1390,922,2031,0.45399999999999996,274,775,0.354,506,700,0.723,320,1205,477,190,82,436,636,957,2041,0.469,330,840,0.39299999999999996,515,691,0.745,307,1199,507,224,80,411,625
2017,Saint Francis (PA),UMBC,79,87,Saint Francis (PA),34,-8.13,-7.65,2577,2533,1375,924,2157,0.428,312,853,0.366,373,512,0.7290000000000001,407,1244,492,227,116,457,577,943,2021,0.467,277,709,0.391,414,598,0.6920000000000001,342,1243,472,225,136,491,551,UMBC,34,-3.84,-5.87,2759,2624,1390,922,2031,0.45399999999999996,274,775,0.354,506,700,0.723,320,1205,477,190,82,436,636,957,2041,0.469,330,840,0.39299999999999996,515,691,0.745,307,1199,507,224,80,411,625
2017,Liberty,UMBC,68,80,Liberty,35,-5.51,-6.16,2331,2220,1415,738,1702,0.434,241,719,0.335,503,698,0.721,252,1179,378,158,84,499,607,779,1787,0.436,319,888,0.359,454,612,0.742,173,990,453,229,65,363,670,UMBC,34,-3.84,-5.87,2759,2624,1390,922,2031,0.45399999999999996,274,775,0.354,506,700,0.723,320,1205,477,190,82,436,636,957,2041,0.469,330,840,0.39299999999999996,515,691,0.745,307,1199,507,224,80,411,625
2017,Texas A&M-Corpus Christi,UMBC,79,61,Texas A&M-Corpus Christi,36,-2.97,-5.79,2715,2574,1455,874,1994,0.43799999999999994,285,827,0.345,541,790,0.685,388,1253,473,255,96,587,740,974,2071,0.47,195,588,0.332,572,792,0.722,368,1227,486,337,142,485,703,UMBC,34,-3.84,-5.87,2759,2624,1390,922,2031,0.45399999999999996,274,775,0.354,506,700,0.723,320,1205,477,190,82,436,636,957,2041,0.469,330,840,0.39299999999999996,515,691,0.745,307,1199,507,224,80,411,625
2017,Fresno State,TCU,59,66,Fresno State,33,4.37,2.31,2426,2315,1350,755,1817,0.41600000000000004,230,692,0.332,575,810,0.71,318,1145,405,197,102,486,677,852,1872,0.455,209,593,0.35200000000000004,513,763,0.672,314,1175,414,277,127,444,718,TCU,39,15.64,10.95,2914,2718,1570,988,2230,0.44299999999999995,273,757,0.361,469,685,0.685,392,1260,580,226,149,509,709,1064,2284,0.466,280,790,0.354,506,738,0.6859999999999999,453,1404,661,256,175,504,676
2017,Georgia Tech,TCU,56,88,Georgia Tech,37,7.82,8.21,2496,2472,1485,887,2231,0.39799999999999996,272,824,0.33,426,608,0.701,429,1343,490,252,145,485,662,910,2079,0.43799999999999994,171,516,0.331,505,740,0.682,356,1330,570,245,221,494,592,TCU,39,15.64,10.95,2914,2718,1570,988,2230,0.44299999999999995,273,757,0.361,469,685,0.685,392,1260,580,226,149,509,709,1064,2284,0.466,280,790,0.354,506,738,0.6859999999999999,453,1404,661,256,175,504,676
2017,Richmond,TCU,68,86,Richmond,35,5.45,3.28,2596,2520,1410,890,2012,0.442,229,714,0.321,511,697,0.733,373,1279,472,197,105,492,625,938,1993,0.47100000000000003,271,793,0.342,449,630,0.713,236,1078,592,232,67,399,634,TCU,39,15.64,10.95,2914,2718,1570,988,2230,0.44299999999999995,273,757,0.361,469,685,0.685,392,1260,580,226,149,509,709,1064,2284,0.466,280,790,0.354,506,738,0.6859999999999999,453,1404,661,256,175,504,676
2017,Georgia State,Texas A&M-Corpus Christi,64,80,Georgia State,33,-0.33,-2.17,2442,2312,1325,758,1844,0.41100000000000003,274,846,0.324,522,734,0.711,336,1100,440,203,90,474,607,885,1888,0.469,246,690,0.35700000000000004,426,658,0.647,334,1174,399,236,140,463,673,Texas A&M-Corpus Christi,36,-2.97,-5.79,2715,2574,1455,874,1994,0.43799999999999994,285,827,0.345,541,790,0.685,388,1253,473,255,96,587,740,974,2071,0.47,195,588,0.332,572,792,0.722,368,1227,486,337,142,485,703
2017,St. Peter's,Texas A&M-Corpus Christi,62,61,St. Peter's,36,1.6,-3.6,2376,2189,1450,782,1881,0.41600000000000004,247,775,0.319,378,549,0.6890000000000001,305,1175,419,184,107,481,644,825,1891,0.436,288,755,0.381,438,625,0.701,297,1182,440,251,106,398,571,Texas A&M-Corpus Christi,36,-2.97,-5.79,2715,2574,1455,874,1994,0.43799999999999994,285,827,0.345,541,790,0.685,388,1253,473,255,96,587,740,974,2071,0.47,195,588,0.332,572,792,0.722,368,1227,486,337,142,485,703
2017,Weber State,Texas A&M-Corpus Christi,73,82,Weber State,34,-2.32,-5.13,2714,2505,1380,937,2075,0.452,197,557,0.354,434,587,0.7390000000000001,366,1197,404,165,77,406,702,908,1866,0.48700000000000004,312,749,0.41700000000000004,584,788,0.741,221,1103,443,176,117,380,596,Texas A&M-Corpus Christi,36,-2.97,-5.79,2715,2574,1455,874,1994,0.43799999999999994,285,827,0.345,541,790,0.685,388,1253,473,255,96,587,740,974,2071,0.47,195,588,0.332,572,792,0.722,368,1227,486,337,142,485,703
2017,Purdue-Fort Wayne,Texas A&M-Corpus Christi,62,78,Purdue-Fort Wayne,33,0.38,-3.19,2869,2602,1340,900,2031,0.44299999999999995,327,854,0.38299999999999995,475,636,0.747,277,1089,490,209,82,467,559,1055,2127,0.496,352,876,0.402,407,561,0.725,334,1245,576,255,129,450,592,Texas A&M-Corpus Christi,36,-2.97,-5.79,2715,2574,1455,874,1994,0.43799999999999994,285,827,0.345,541,790,0.685,388,1253,473,255,96,587,740,974,2071,0.47,195,588,0.332,572,792,0.722,368,1227,486,337,142,485,703
2017,Green Bay,UMKC,82,92,Green Bay,32,-2.77,-2.83,2565,2479,1295,880,2037,0.43200000000000005,281,780,0.36,438,658,0.6659999999999999,359,1252,449,197,99,485,651,913,2061,0.44299999999999995,197,612,0.322,542,787,0.6890000000000001,387,1312,446,247,133,448,632,UMKC,35,-4.97,-1.06,2691,2753,1405,951,2081,0.457,257,759,0.33899999999999997,594,873,0.68,389,1317,490,222,97,522,709,911,2076,0.439,315,848,0.371,554,777,0.713,353,1213,451,236,92,510,772
2017,Hampton,Coastal Carolina,67,83,Hampton,31,-13.23,-9.92,2149,2219,1250,751,1729,0.434,219,608,0.36,498,733,0.679,311,1111,333,175,99,454,581,751,1844,0.40700000000000003,196,620,0.316,451,633,0.7120000000000001,371,1143,364,152,113,435,633,Coastal Carolina,39,-3.94,-1.48,2833,2858,1570,979,2345,0.41700000000000004,369,1098,0.336,531,751,0.7070000000000001,385,1449,512,232,131,470,700,1021,2416,0.423,318,963,0.33,473,719,0.6579999999999999,480,1571,467,237,109,508,709
2017,Loyola (MD),Coastal Carolina,63,72,Loyola (MD),33,-6.32,-3.6,2175,2249,1330,810,1748,0.46299999999999997,189,574,0.32899999999999996,440,613,0.718,289,1058,418,235,142,478,650,753,1791,0.42,177,538,0.32899999999999996,492,711,0.6920000000000001,381,1113,385,240,113,496,636,Coastal Carolina,39,-3.94,-1.48,2833,2858,1570,979,2345,0.41700000000000004,369,1098,0.336,531,751,0.7070000000000001,385,1449,512,232,131,470,700,1021,2416,0.423,318,963,0.33,473,719,0.6579999999999999,480,1571,467,237,109,508,709
2017,UIC,Coastal Carolina,78,89,UIC,36,-5.95,-3.63,2749,2754,1455,984,2329,0.42200000000000004,245,686,0.35700000000000004,541,739,0.732,425,1313,507,272,139,447,738,939,2113,0.444,272,746,0.365,599,843,0.711,422,1429,524,197,183,589,678,Coastal Carolina,39,-3.94,-1.48,2833,2858,1570,979,2345,0.41700000000000004,369,1098,0.336,531,751,0.7070000000000001,385,1449,512,232,131,470,700,1021,2416,0.423,318,963,0.33,473,719,0.6579999999999999,480,1571,467,237,109,508,709
2017,Wyoming,Coastal Carolina,81,91,Wyoming,38,2.83,0.55,2961,2833,1545,957,2381,0.402,257,828,0.31,662,914,0.7240000000000001,409,1495,427,259,111,460,809,986,2265,0.435,369,1055,0.35,620,849,0.73,322,1446,561,195,172,502,783,Coastal Carolina,39,-3.94,-1.48,2833,2858,1570,979,2345,0.41700000000000004,369,1098,0.336,531,751,0.7070000000000001,385,1449,512,232,131,470,700,1021,2416,0.423,318,963,0.33,473,719,0.6579999999999999,480,1571,467,237,109,508,709
2017,Loyola (MD),George Mason,73,58,Loyola (MD),33,-6.32,-3.6,2175,2249,1330,810,1748,0.46299999999999997,189,574,0.32899999999999996,440,613,0.718,289,1058,418,235,142,478,650,753,1791,0.42,177,538,0.32899999999999996,492,711,0.6920000000000001,381,1113,385,240,113,496,636,George Mason,34,3.01,1.28,2519,2437,1385,888,2090,0.425,252,764,0.33,409,587,0.6970000000000001,312,1123,461,206,138,344,642,879,1962,0.44799999999999995,182,542,0.336,579,775,0.747,381,1370,398,169,96,440,570
2017,UNC Greensboro,Syracuse,77,90,UNC Greensboro,35,-0.1,-2.63,2628,2424,1400,832,1942,0.428,258,719,0.359,502,673,0.746,361,1119,441,225,106,486,605,947,2043,0.46399999999999997,308,807,0.382,426,603,0.706,405,1243,525,245,133,474,638,Syracuse,34,13.7,8.47,2594,2416,1370,867,2014,0.43,295,861,0.34299999999999997,387,586,0.66,431,1216,582,210,89,456,611,894,1950,0.45799999999999996,300,791,0.379,506,685,0.7390000000000001,363,1183,532,275,159,418,542
2017,Ole Miss,Syracuse,85,80,Ole Miss,36,9.65,7.99,2807,2747,1450,938,2204,0.426,321,884,0.363,550,785,0.701,414,1313,557,244,131,501,756,914,2162,0.423,283,815,0.34700000000000003,696,926,0.752,458,1422,465,243,149,516,702,Syracuse,34,13.7,8.47,2594,2416,1370,867,2014,0.43,295,861,0.34299999999999997,387,586,0.66,431,1216,582,210,89,456,611,894,1950,0.45799999999999996,300,791,0.379,506,685,0.7390000000000001,363,1183,532,275,159,418,542
2017,San Francisco,Rice,76,85,San Francisco,33,3.8,0.42,2362,2222,1320,793,1879,0.42200000000000004,207,618,0.335,429,626,0.685,318,1163,377,174,127,440,561,868,1934,0.449,299,855,0.35,327,514,0.636,314,1187,428,220,92,415,639,Rice,35,0.51,-4.16,2853,2650,1415,942,2146,0.439,229,693,0.33,537,760,0.7070000000000001,341,1213,456,252,96,472,745,946,2048,0.462,326,840,0.38799999999999996,635,858,0.74,353,1331,484,221,129,524,669
2017,Utah Valley,Rice,85,79,Utah Valley,34,-1.22,-2.44,2615,2479,1385,886,2135,0.415,222,702,0.316,485,722,0.672,331,1288,455,234,94,471,701,886,2028,0.43700000000000006,300,937,0.32,543,767,0.708,306,1350,530,216,123,522,667,Rice,35,0.51,-4.16,2853,2650,1415,942,2146,0.439,229,693,0.33,537,760,0.7070000000000001,341,1213,456,252,96,472,745,946,2048,0.462,326,840,0.38799999999999996,635,858,0.74,353,1331,484,221,129,524,669
2017,South Dakota,Iowa,75,87,South Dakota,34,-0.42,-2.08,2639,2513,1365,888,2048,0.434,273,744,0.36700000000000005,464,639,0.726,330,1235,442,174,133,465,681,907,2044,0.444,224,657,0.341,601,852,0.705,355,1268,415,231,115,402,657,Iowa,34,10.01,7.54,2738,2654,1395,976,2195,0.445,289,807,0.358,413,603,0.685,427,1303,587,265,117,486,673,964,2121,0.455,300,791,0.379,510,741,0.688,408,1306,602,252,130,472,608
2017,TCU,Iowa,94,92,TCU,39,15.64,10.95,2914,2718,1570,988,2230,0.44299999999999995,273,757,0.361,469,685,0.685,392,1260,580,226,149,509,709,1064,2284,0.466,280,790,0.354,506,738,0.6859999999999999,453,1404,661,256,175,504,676,Iowa,34,10.01,7.54,2738,2654,1395,976,2195,0.445,289,807,0.358,413,603,0.685,427,1303,587,265,117,486,673,964,2121,0.455,300,791,0.379,510,741,0.688,408,1306,602,252,130,472,608
2017,Stephen F. Austin,Idaho,50,73,Stephen F. Austin,33,-7.01,-5.75,2289,2271,1330,772,1712,0.451,208,592,0.35100000000000003,519,763,0.68,306,1013,399,239,102,534,673,783,1754,0.446,193,605,0.319,530,735,0.721,378,1147,409,223,100,578,716,Idaho,33,-5.34,-5.89,2412,2346,1350,752,1810,0.415,276,788,0.35,566,764,0.741,283,1094,396,178,104,410,667,809,1870,0.433,255,694,0.36700000000000005,539,746,0.723,362,1213,422,164,81,421,697
2017,Texas-Arlington,BYU,105,89,Texas-Arlington,36,5.92,-0.87,2818,2516,1440,859,2081,0.413,300,942,0.318,498,762,0.654,399,1273,464,242,117,525,682,999,2168,0.461,310,920,0.337,510,749,0.6809999999999999,430,1384,566,266,81,472,691,BYU,34,8.22,1.87,2741,2525,1360,906,2175,0.41700000000000004,274,846,0.324,437,677,0.645,349,1230,484,237,101,416,726,937,2057,0.456,230,668,0.344,637,869,0.733,363,1418,534,224,156,469,657
2017,Toledo,George Washington,69,73,Toledo,34,1.16,-0.9,2675,2567,1410,986,2140,0.461,208,647,0.321,387,567,0.6829999999999999,316,1141,424,232,133,351,687,944,1966,0.48,262,724,0.36200000000000004,525,755,0.695,339,1274,551,135,92,447,574,George Washington,35,2.37,2.11,2447,2438,1400,904,2031,0.445,233,659,0.354,397,546,0.727,312,1132,507,243,113,379,636,821,1938,0.424,276,743,0.371,529,710,0.745,394,1279,466,192,136,453,541
2017,Utah Valley,Georgia Southern,74,49,Utah Valley,34,-1.22,-2.44,2615,2479,1385,886,2135,0.415,222,702,0.316,485,722,0.672,331,1288,455,234,94,471,701,886,2028,0.43700000000000006,300,937,0.32,543,767,0.708,306,1350,530,216,123,522,667,Georgia Southern,33,-3.63,-2.83,2492,2420,1325,851,1962,0.434,273,806,0.33899999999999997,445,667,0.667,397,1306,440,158,107,451,637,841,1909,0.441,303,837,0.36200000000000004,507,763,0.664,320,1147,342,224,102,388,641
2017,Mount St. Mary's,Villanova,56,76,Mount St. Mary's,36,-4.29,-3.51,2446,2474,1445,923,2039,0.45299999999999996,190,558,0.341,438,664,0.66,427,1351,405,230,99,534,674,877,1977,0.444,261,730,0.358,431,640,0.6729999999999999,276,1082,403,222,142,472,640,Villanova,36,23.8,9.28,2779,2256,1440,846,2018,0.419,251,807,0.311,313,445,0.703,336,1073,482,185,73,475,656,965,1948,0.495,311,843,0.369,538,681,0.79,316,1208,505,259,109,402,515
2017,Wisconsin,Villanova,65,62,Wisconsin,37,19.4,9.4,2678,2308,1500,822,1992,0.413,251,667,0.376,413,559,0.7390000000000001,313,1142,375,197,115,473,678,971,2135,0.455,283,788,0.359,453,703,0.644,460,1377,504,250,130,411,602,Villanova,36,23.8,9.28,2779,2256,1440,846,2018,0.419,251,807,0.311,313,445,0.703,336,1073,482,185,73,475,656,965,1948,0.495,311,843,0.369,538,681,0.79,316,1208,505,259,109,402,515
2017,South Dakota State,Gonzaga,46,66,South Dakota State,35,-2.3,-0.66,2683,2697,1415,963,2140,0.45,369,990,0.373,402,557,0.722,356,1195,510,235,106,400,721,881,1938,0.455,318,883,0.36,603,782,0.7709999999999999,316,1229,459,180,83,453,584,Gonzaga,39,25.26,4.13,3222,2398,1560,875,2400,0.365,223,771,0.289,425,646,0.6579999999999999,421,1312,378,209,120,475,770,1149,2280,0.504,286,749,0.382,638,890,0.7170000000000001,378,1587,595,265,183,448,660
2017,Xavier,Gonzaga,59,83,Xavier,38,14.8,11.51,2836,2711,1525,964,2144,0.45,283,847,0.33399999999999996,500,716,0.698,327,1188,530,243,143,454,807,981,2148,0.457,267,776,0.344,607,881,0.6890000000000001,451,1417,559,228,100,478,708,Gonzaga,39,25.26,4.13,3222,2398,1560,875,2400,0.365,223,771,0.289,425,646,0.6579999999999999,421,1312,378,209,120,475,770,1149,2280,0.504,286,749,0.382,638,890,0.7170000000000001,378,1587,595,265,183,448,660
2017,Northwestern,Gonzaga,73,79,Northwestern,36,14.02,8.43,2558,2357,1440,817,2025,0.40299999999999997,233,698,0.33399999999999996,490,732,0.669,404,1275,428,206,139,430,640,913,2094,0.436,256,747,0.34299999999999997,476,637,0.747,386,1304,540,190,175,383,691,Gonzaga,39,25.26,4.13,3222,2398,1560,875,2400,0.365,223,771,0.289,425,646,0.6579999999999999,421,1312,378,209,120,475,770,1149,2280,0.504,286,749,0.382,638,890,0.7170000000000001,378,1587,595,265,183,448,660
2017,South Carolina,Gonzaga,73,77,South Carolina,37,17.52,10.16,2707,2414,1505,789,1969,0.401,208,687,0.303,628,868,0.7240000000000001,382,1304,363,222,142,632,777,924,2197,0.42100000000000004,248,733,0.33799999999999997,611,874,0.6990000000000001,464,1346,468,288,142,480,751,Gonzaga,39,25.26,4.13,3222,2398,1560,875,2400,0.365,223,771,0.289,425,646,0.6579999999999999,421,1312,378,209,120,475,770,1149,2280,0.504,286,749,0.382,638,890,0.7170000000000001,378,1587,595,265,183,448,660
2017,West Virginia,Gonzaga,58,61,West Virginia,37,24.45,9.67,3014,2467,1505,826,1948,0.424,250,708,0.353,565,827,0.6829999999999999,393,1274,442,209,142,740,792,1059,2333,0.45399999999999996,275,759,0.36200000000000004,621,907,0.685,534,1387,607,371,176,455,756,Gonzaga,39,25.26,4.13,3222,2398,1560,875,2400,0.365,223,771,0.289,425,646,0.6579999999999999,421,1312,378,209,120,475,770,1149,2280,0.504,286,749,0.382,638,890,0.7170000000000001,378,1587,595,265,183,448,660
2017,North Dakota,Arizona,82,100,North Dakota,32,-1.83,-5.45,2578,2357,1300,824,1858,0.44299999999999995,215,612,0.35100000000000003,494,715,0.691,310,1123,369,201,75,479,654,926,1919,0.483,228,585,0.39,498,698,0.713,297,1146,487,251,93,419,672,Arizona,37,18.25,7.63,2833,2440,1480,893,2121,0.42100000000000004,239,772,0.31,415,607,0.684,339,1107,477,175,109,432,729,977,2048,0.47700000000000004,244,625,0.39,635,830,0.765,380,1358,501,201,119,413,625
2017,Xavier,Arizona,73,71,Xavier,38,14.8,11.51,2836,2711,1525,964,2144,0.45,283,847,0.33399999999999996,500,716,0.698,327,1188,530,243,143,454,807,981,2148,0.457,267,776,0.344,607,881,0.6890000000000001,451,1417,559,228,100,478,708,Arizona,37,18.25,7.63,2833,2440,1480,893,2121,0.42100000000000004,239,772,0.31,415,607,0.684,339,1107,477,175,109,432,729,977,2048,0.47700000000000004,244,625,0.39,635,830,0.765,380,1358,501,201,119,413,625
2017,Saint Mary's,Arizona,60,69,Saint Mary's,34,16.75,2.19,2449,1954,1360,738,1792,0.41200000000000003,149,496,0.3,329,476,0.691,245,903,297,190,82,318,548,892,1797,0.496,293,744,0.39399999999999996,372,499,0.745,324,1205,563,143,110,365,512,Arizona,37,18.25,7.63,2833,2440,1480,893,2121,0.42100000000000004,239,772,0.31,415,607,0.684,339,1107,477,175,109,432,729,977,2048,0.47700000000000004,244,625,0.39,635,830,0.765,380,1358,501,201,119,413,625
2017,Florida Gulf Coast,Florida State,80,86,Florida Gulf Coast,34,2.26,-3.42,2701,2356,1370,830,1953,0.425,232,757,0.306,464,682,0.68,347,1085,412,209,98,441,604,1007,2017,0.499,221,636,0.34700000000000003,466,664,0.7020000000000001,379,1269,527,207,116,421,635,Florida State,35,18.87,8.87,2873,2523,1400,857,2060,0.41600000000000004,259,743,0.349,550,769,0.715,382,1189,424,176,104,494,688,1036,2146,0.483,233,671,0.34700000000000003,568,824,0.6890000000000001,409,1324,511,259,180,415,684
2017,Xavier,Florida State,91,66,Xavier,38,14.8,11.51,2836,2711,1525,964,2144,0.45,283,847,0.33399999999999996,500,716,0.698,327,1188,530,243,143,454,807,981,2148,0.457,267,776,0.344,607,881,0.6890000000000001,451,1417,559,228,100,478,708,Florida State,35,18.87,8.87,2873,2523,1400,857,2060,0.41600000000000004,259,743,0.349,550,769,0.715,382,1189,424,176,104,494,688,1036,2146,0.483,233,671,0.34700000000000003,568,824,0.6890000000000001,409,1324,511,259,180,415,684
2017,Bucknell,West Virginia,80,86,Bucknell,35,5.89,-2.48,2669,2376,1400,860,2017,0.426,216,631,0.342,440,667,0.66,347,1176,424,246,105,487,673,942,1961,0.48,286,754,0.379,497,730,0.6809999999999999,302,1203,510,252,134,466,655,West Virginia,37,24.45,9.67,3014,2467,1505,826,1948,0.424,250,708,0.353,565,827,0.6829999999999999,393,1274,442,209,142,740,792,1059,2333,0.45399999999999996,275,759,0.36200000000000004,621,907,0.685,534,1387,607,371,176,455,756
2017,Notre Dame,West Virginia,71,83,Notre Dame,36,17.81,9.78,2783,2494,1445,914,2118,0.43200000000000005,250,739,0.33799999999999997,416,565,0.736,387,1278,467,188,146,456,575,980,2139,0.45799999999999996,334,869,0.384,489,611,0.8,334,1212,566,255,134,341,533,West Virginia,37,24.45,9.67,3014,2467,1505,826,1948,0.424,250,708,0.353,565,827,0.6829999999999999,393,1274,442,209,142,740,792,1059,2333,0.45399999999999996,275,759,0.36200000000000004,621,907,0.685,534,1387,607,371,176,455,756
2017,ETSU,Florida,65,80,ETSU,35,7.31,-2.11,2782,2438,1415,819,1962,0.41700000000000004,274,773,0.354,526,729,0.722,340,1123,387,242,126,548,729,960,1967,0.488,265,693,0.382,597,850,0.7020000000000001,357,1269,516,293,162,519,698,Florida,36,22.4,11.01,2804,2394,1455,849,2070,0.41,198,649,0.305,498,705,0.706,375,1266,347,200,101,533,746,953,2118,0.45,278,776,0.358,620,851,0.7290000000000001,416,1331,450,272,167,431,661
2017,Wisconsin,Florida,83,84,Wisconsin,37,19.4,9.4,2678,2308,1500,822,1992,0.413,251,667,0.376,413,559,0.7390000000000001,313,1142,375,197,115,473,678,971,2135,0.455,283,788,0.359,453,703,0.644,460,1377,504,250,130,411,602,Florida,36,22.4,11.01,2804,2394,1455,849,2070,0.41,198,649,0.305,498,705,0.706,375,1266,347,200,101,533,746,953,2118,0.45,278,776,0.358,620,851,0.7290000000000001,416,1331,450,272,167,431,661
2017,Virginia,Florida,39,65,Virginia,34,20.63,10.93,2246,1916,1380,658,1653,0.39799999999999996,209,658,0.318,391,559,0.6990000000000001,264,1022,333,168,91,432,500,839,1823,0.46,232,602,0.385,336,474,0.7090000000000001,297,1119,473,190,138,324,556,Florida,36,22.4,11.01,2804,2394,1455,849,2070,0.41,198,649,0.305,498,705,0.706,375,1266,347,200,101,533,746,953,2118,0.45,278,776,0.358,620,851,0.7290000000000001,416,1331,450,272,167,431,661
2017,South Carolina,Florida,77,70,South Carolina,37,17.52,10.16,2707,2414,1505,789,1969,0.401,208,687,0.303,628,868,0.7240000000000001,382,1304,363,222,142,632,777,924,2197,0.42100000000000004,248,733,0.33799999999999997,611,874,0.6990000000000001,464,1346,468,288,142,480,751,Florida,36,22.4,11.01,2804,2394,1455,849,2070,0.41,198,649,0.305,498,705,0.706,375,1266,347,200,101,533,746,953,2118,0.45,278,776,0.358,620,851,0.7290000000000001,416,1331,450,272,167,431,661
2017,Vermont,Purdue,70,80,Vermont,35,6.67,-3.27,2571,2174,1400,812,1918,0.423,199,596,0.33399999999999996,351,498,0.705,315,1066,363,186,95,453,644,943,1909,0.494,229,621,0.369,456,651,0.7,326,1192,476,199,151,392,555,Purdue,35,20.13,8.79,2790,2393,1415,902,2145,0.42100000000000004,242,728,0.332,347,491,0.7070000000000001,313,1088,451,228,109,411,666,980,2044,0.479,315,782,0.40299999999999997,515,680,0.757,344,1322,640,181,87,455,552
2017,Iowa State,Purdue,76,80,Iowa State,35,20.51,11.94,2829,2529,1425,933,2178,0.428,270,781,0.34600000000000003,393,558,0.7040000000000001,416,1339,484,167,121,491,578,1031,2186,0.47200000000000003,344,860,0.4,423,604,0.7,318,1219,553,272,124,355,557,Purdue,35,20.13,8.79,2790,2393,1415,902,2145,0.42100000000000004,242,728,0.332,347,491,0.7070000000000001,313,1088,451,228,109,411,666,980,2044,0.479,315,782,0.40299999999999997,515,680,0.757,344,1322,640,181,87,455,552
2017,Winthrop,Butler,64,76,Winthrop,33,1.34,-6.12,2615,2322,1350,811,1990,0.408,219,700,0.313,481,666,0.722,355,1207,331,199,108,462,644,891,1957,0.455,313,839,0.373,520,725,0.7170000000000001,316,1224,423,216,169,430,605,Butler,34,17.7,10.23,2595,2341,1370,818,1837,0.445,231,693,0.33299999999999996,474,680,0.6970000000000001,293,1065,366,171,87,451,653,906,1898,0.47700000000000004,261,714,0.366,522,704,0.741,287,1091,453,206,96,346,640
2017,Middle Tennessee,Butler,65,74,Middle Tennessee,36,9.8,-0.48,2697,2299,1445,791,1882,0.42,219,678,0.32299999999999995,498,700,0.711,286,1088,400,171,85,476,602,1014,2077,0.488,228,622,0.36700000000000005,441,631,0.6990000000000001,355,1273,552,242,100,374,655,Butler,34,17.7,10.23,2595,2341,1370,818,1837,0.445,231,693,0.33299999999999996,474,680,0.6970000000000001,293,1065,366,171,87,451,653,906,1898,0.47700000000000004,261,714,0.366,522,704,0.741,287,1091,453,206,96,346,640
2017,Middle Tennessee,Minnesota,81,72,Middle Tennessee,36,9.8,-0.48,2697,2299,1445,791,1882,0.42,219,678,0.32299999999999995,498,700,0.711,286,1088,400,171,85,476,602,1014,2077,0.488,228,622,0.36700000000000005,441,631,0.6990000000000001,355,1273,552,242,100,374,655,Minnesota,34,14.56,8.82,2556,2361,1390,857,2142,0.4,220,712,0.309,427,626,0.682,415,1312,460,192,124,429,687,887,2037,0.435,209,610,0.34299999999999997,573,806,0.711,378,1341,507,194,227,393,577
2017,Nevada,Iowa State,73,84,Nevada,35,10.49,2.03,2792,2496,1405,920,2149,0.428,236,762,0.31,420,607,0.6920000000000001,341,1229,478,193,78,397,724,933,2082,0.44799999999999995,320,837,0.382,606,859,0.705,386,1351,559,189,152,386,581,Iowa State,35,20.51,11.94,2829,2529,1425,933,2178,0.428,270,781,0.34600000000000003,393,558,0.7040000000000001,416,1339,484,167,121,491,578,1031,2186,0.47200000000000003,344,860,0.4,423,604,0.7,318,1219,553,272,124,355,557
2017,UNC Wilmington,Virginia,71,76,UNC Wilmington,35,8.06,-0.55,2967,2624,1405,938,1964,0.478,192,568,0.33799999999999997,556,777,0.716,320,1184,433,171,97,504,662,1071,2231,0.48,336,917,0.366,489,708,0.691,422,1261,564,234,115,363,699,Virginia,34,20.63,10.93,2246,1916,1380,658,1653,0.39799999999999996,209,658,0.318,391,559,0.6990000000000001,264,1022,333,168,91,432,500,839,1823,0.46,232,602,0.385,336,474,0.7090000000000001,297,1119,473,190,138,324,556
2017,Princeton,Notre Dame,58,60,Princeton,30,6.57,-1.84,2149,1843,1205,652,1568,0.41600000000000004,195,587,0.332,344,499,0.6890000000000001,238,1002,317,134,78,394,458,772,1716,0.45,298,789,0.37799999999999995,307,416,0.738,247,1003,426,200,93,298,482,Notre Dame,36,17.81,9.78,2783,2494,1445,914,2118,0.43200000000000005,250,739,0.33799999999999997,416,565,0.736,387,1278,467,188,146,456,575,980,2139,0.45799999999999996,334,869,0.384,489,611,0.8,334,1212,566,255,134,341,533
2017,Xavier,Maryland,76,65,Xavier,38,14.8,11.51,2836,2711,1525,964,2144,0.45,283,847,0.33399999999999996,500,716,0.698,327,1188,530,243,143,454,807,981,2148,0.457,267,776,0.344,607,881,0.6890000000000001,451,1417,559,228,100,478,708,Maryland,33,12.79,8.29,2438,2246,1325,797,1917,0.41600000000000004,212,628,0.33799999999999997,440,626,0.703,383,1160,369,202,118,418,646,827,1840,0.449,272,757,0.359,512,732,0.6990000000000001,351,1173,472,180,154,426,613
2017,VCU,Saint Mary's,77,85,VCU,35,11.57,3.77,2616,2343,1420,800,1897,0.42200000000000004,202,597,0.33799999999999997,541,776,0.6970000000000001,334,1185,371,192,129,515,678,945,2050,0.461,199,602,0.331,527,747,0.705,386,1275,525,263,138,435,728,Saint Mary's,34,16.75,2.19,2449,1954,1360,738,1792,0.41200000000000003,149,496,0.3,329,476,0.691,245,903,297,190,82,318,548,892,1797,0.496,293,744,0.39399999999999996,372,499,0.745,324,1205,563,143,110,365,512
2017,Vanderbilt,Northwestern,66,68,Vanderbilt,35,13.69,10.72,2489,2385,1405,862,2028,0.425,226,669,0.33799999999999997,435,622,0.6990000000000001,339,1209,399,193,104,379,587,815,1896,0.43,346,921,0.376,513,660,0.777,286,1208,450,147,133,430,581,Northwestern,36,14.02,8.43,2558,2357,1440,817,2025,0.40299999999999997,233,698,0.33399999999999996,490,732,0.669,404,1275,428,206,139,430,640,913,2094,0.436,256,747,0.34299999999999997,476,637,0.747,386,1304,540,190,175,383,691
2017,Virginia Tech,Wisconsin,74,84,Virginia Tech,33,12.77,8.38,2610,2465,1330,902,2029,0.445,264,728,0.363,397,554,0.7170000000000001,359,1146,450,179,129,383,633,887,1813,0.489,290,720,0.40299999999999997,546,741,0.737,240,1068,497,131,91,398,543,Wisconsin,37,19.4,9.4,2678,2308,1500,822,1992,0.413,251,667,0.376,413,559,0.7390000000000001,313,1142,375,197,115,473,678,971,2135,0.455,283,788,0.359,453,703,0.644,460,1377,504,250,130,411,602
2017,Furman,USC Upstate,79,57,Furman,35,1.46,-3.75,2590,2319,1410,812,1915,0.424,245,785,0.312,450,643,0.7,314,1130,418,209,80,473,615,918,1941,0.473,319,828,0.385,435,624,0.6970000000000001,317,1211,524,245,82,451,613,USC Upstate,33,-7.64,-5.23,2575,2530,1335,919,2106,0.436,264,794,0.332,426,585,0.728,372,1209,526,196,62,363,598,936,2042,0.45799999999999996,284,821,0.34600000000000003,419,638,0.657,396,1279,508,179,104,421,545
2017,Furman,Campbell,79,64,Furman,35,1.46,-3.75,2590,2319,1410,812,1915,0.424,245,785,0.312,450,643,0.7,314,1130,418,209,80,473,615,918,1941,0.473,319,828,0.385,435,624,0.6970000000000001,317,1211,524,245,82,451,613,Campbell,37,-9.68,-7.59,2653,2605,1490,896,2057,0.436,245,726,0.337,568,793,0.716,347,1252,461,254,92,442,631,909,1992,0.456,294,798,0.368,541,720,0.7509999999999999,292,1219,432,244,151,476,662
2017,UT-Martin,Campbell,56,73,UT-Martin,35,-4.7,-4.34,2693,2630,1415,931,2097,0.444,321,918,0.35,447,631,0.708,402,1154,538,226,97,477,633,966,2066,0.46799999999999997,287,812,0.353,474,689,0.688,453,1312,555,228,123,528,606,Campbell,37,-9.68,-7.59,2653,2605,1490,896,2057,0.436,245,726,0.337,568,793,0.716,347,1252,461,254,92,442,631,909,1992,0.456,294,798,0.368,541,720,0.7509999999999999,292,1219,432,244,151,476,662
2017,Furman,St. Peter's,51,77,Furman,35,1.46,-3.75,2590,2319,1410,812,1915,0.424,245,785,0.312,450,643,0.7,314,1130,418,209,80,473,615,918,1941,0.473,319,828,0.385,435,624,0.6970000000000001,317,1211,524,245,82,451,613,St. Peter's,36,1.6,-3.6,2376,2189,1450,782,1881,0.41600000000000004,247,775,0.319,378,549,0.6890000000000001,305,1175,419,184,107,481,644,825,1891,0.436,288,755,0.381,438,625,0.701,297,1182,440,251,106,398,571
2017,Lamar,Texas State,60,70,Lamar,34,-7.36,-7.93,2623,2434,1375,853,1850,0.461,187,580,0.322,541,767,0.705,330,1162,452,199,154,545,694,907,1977,0.45899999999999996,265,732,0.36200000000000004,544,813,0.669,389,1189,481,271,95,455,733,Texas State,36,-2.23,-4.29,2407,2256,1455,780,1891,0.41200000000000003,213,676,0.315,483,673,0.718,349,1197,369,198,134,484,656,865,1933,0.447,217,657,0.33,460,696,0.6609999999999999,345,1211,526,237,160,423,642
2017,St. Peter's,Texas State,49,44,St. Peter's,36,1.6,-3.6,2376,2189,1450,782,1881,0.41600000000000004,247,775,0.319,378,549,0.6890000000000001,305,1175,419,184,107,481,644,825,1891,0.436,288,755,0.381,438,625,0.701,297,1182,440,251,106,398,571,Texas State,36,-2.23,-4.29,2407,2256,1455,780,1891,0.41200000000000003,213,676,0.315,483,673,0.718,349,1197,369,198,134,484,656,865,1933,0.447,217,657,0.33,460,696,0.6609999999999999,345,1211,526,237,160,423,642
2017,Idaho,Texas State,55,64,Idaho,33,-5.34,-5.89,2412,2346,1350,752,1810,0.415,276,788,0.35,566,764,0.741,283,1094,396,178,104,410,667,809,1870,0.433,255,694,0.36700000000000005,539,746,0.723,362,1213,422,164,81,421,697,Texas State,36,-2.23,-4.29,2407,2256,1455,780,1891,0.41200000000000003,213,676,0.315,483,673,0.718,349,1197,369,198,134,484,656,865,1933,0.447,217,657,0.33,460,696,0.6609999999999999,345,1211,526,237,160,423,642
2017,UNC Asheville,UT-Martin,75,89,UNC Asheville,33,0.84,-5.61,2544,2261,1345,815,1814,0.449,249,702,0.355,382,581,0.657,298,1142,454,178,107,547,586,908,1908,0.47600000000000003,264,670,0.39399999999999996,464,681,0.6809999999999999,281,1096,512,306,64,384,553,UT-Martin,35,-4.7,-4.34,2693,2630,1415,931,2097,0.444,321,918,0.35,447,631,0.708,402,1154,538,226,97,477,633,966,2066,0.46799999999999997,287,812,0.353,474,689,0.688,453,1312,555,228,123,528,606
2017,St. Peter's,Albany (NY),59,55,St. Peter's,36,1.6,-3.6,2376,2189,1450,782,1881,0.41600000000000004,247,775,0.319,378,549,0.6890000000000001,305,1175,419,184,107,481,644,825,1891,0.436,288,755,0.381,438,625,0.701,297,1182,440,251,106,398,571,Albany (NY),35,-0.16,-4.69,2496,2301,1400,808,1873,0.431,276,809,0.341,409,578,0.708,262,1008,442,197,144,399,630,907,1941,0.467,192,516,0.37200000000000005,490,647,0.757,379,1257,444,178,60,416,617
2017,Stony Brook,UIC,69,71,Stony Brook,32,-4.71,-5.05,2215,2204,1280,747,1702,0.439,232,618,0.375,478,682,0.701,303,1158,363,142,75,423,623,759,1878,0.40399999999999997,250,764,0.327,445,617,0.721,358,1108,391,174,102,325,622,UIC,36,-5.95,-3.63,2749,2754,1455,984,2329,0.42200000000000004,245,686,0.35700000000000004,541,739,0.732,425,1313,507,272,139,447,738,939,2113,0.444,272,746,0.365,599,843,0.711,422,1429,524,197,183,589,678
2017,George Washington,UIC,71,80,George Washington,35,2.37,2.11,2447,2438,1400,904,2031,0.445,233,659,0.354,397,546,0.727,312,1132,507,243,113,379,636,821,1938,0.424,276,743,0.371,529,710,0.745,394,1279,466,192,136,453,541,UIC,36,-5.95,-3.63,2749,2754,1455,984,2329,0.42200000000000004,245,686,0.35700000000000004,541,739,0.732,425,1313,507,272,139,447,738,939,2113,0.444,272,746,0.365,599,843,0.711,422,1429,524,197,183,589,678
2017,Weber State,Cal State Fullerton,80,76,Weber State,34,-2.32,-5.13,2714,2505,1380,937,2075,0.452,197,557,0.354,434,587,0.7390000000000001,366,1197,404,165,77,406,702,908,1866,0.48700000000000004,312,749,0.41700000000000004,584,788,0.741,221,1103,443,176,117,380,596,Cal State Fullerton,32,-7.55,-6.85,2351,2280,1315,771,1823,0.423,212,639,0.332,526,729,0.722,297,1094,384,196,105,457,642,821,1850,0.444,196,631,0.311,513,747,0.687,341,1196,387,223,117,465,666
2017,Texas Southern,UNC,64,103,Texas Southern,35,-6.41,-7.81,2593,2544,1410,940,2113,0.445,196,603,0.325,466,682,0.6829999999999999,441,1310,453,182,118,473,742,866,2015,0.43,205,693,0.29600000000000004,656,893,0.735,401,1228,409,250,111,407,607,UNC,40,24.84,11.76,3377,2824,1605,982,2377,0.413,319,939,0.34,541,746,0.725,362,1258,458,249,177,544,778,1226,2633,0.466,283,798,0.355,642,916,0.701,630,1748,722,283,139,473,711
2017,Arkansas,UNC,65,72,Arkansas,36,14.04,8.6,2855,2659,1440,901,2159,0.41700000000000004,263,792,0.332,594,843,0.705,460,1322,454,187,118,477,670,997,2165,0.461,233,638,0.365,628,825,0.7609999999999999,401,1298,497,278,170,428,739,UNC,40,24.84,11.76,3377,2824,1605,982,2377,0.413,319,939,0.34,541,746,0.725,362,1258,458,249,177,544,778,1226,2633,0.466,283,798,0.355,642,916,0.701,630,1748,722,283,139,473,711
2017,Butler,UNC,80,92,Butler,34,17.7,10.23,2595,2341,1370,818,1837,0.445,231,693,0.33299999999999996,474,680,0.6970000000000001,293,1065,366,171,87,451,653,906,1898,0.47700000000000004,261,714,0.366,522,704,0.741,287,1091,453,206,96,346,640,UNC,40,24.84,11.76,3377,2824,1605,982,2377,0.413,319,939,0.34,541,746,0.725,362,1258,458,249,177,544,778,1226,2633,0.466,283,798,0.355,642,916,0.701,630,1748,722,283,139,473,711
2017,Oregon,UNC,76,77,Oregon,39,20.8,8.38,3076,2565,1565,932,2311,0.40299999999999997,273,873,0.313,428,595,0.7190000000000001,408,1274,456,186,133,516,742,1091,2270,0.48100000000000004,334,880,0.38,560,787,0.7120000000000001,412,1431,614,253,248,454,614,UNC,40,24.84,11.76,3377,2824,1605,982,2377,0.413,319,939,0.34,541,746,0.725,362,1258,458,249,177,544,778,1226,2633,0.466,283,798,0.355,642,916,0.701,630,1748,722,283,139,473,711
2017,Kentucky,UNC,73,75,Kentucky,38,23.88,10.49,3225,2716,1525,979,2309,0.424,235,768,0.306,523,774,0.6759999999999999,388,1332,431,182,127,544,867,1134,2396,0.473,267,757,0.353,690,980,0.7040000000000001,470,1512,585,229,200,443,716,UNC,40,24.84,11.76,3377,2824,1605,982,2377,0.413,319,939,0.34,541,746,0.725,362,1258,458,249,177,544,778,1226,2633,0.466,283,798,0.355,642,916,0.701,630,1748,722,283,139,473,711
2017,Gonzaga,UNC,65,71,Gonzaga,39,25.26,4.13,3222,2398,1560,875,2400,0.365,223,771,0.289,425,646,0.6579999999999999,421,1312,378,209,120,475,770,1149,2280,0.504,286,749,0.382,638,890,0.7170000000000001,378,1587,595,265,183,448,660,UNC,40,24.84,11.76,3377,2824,1605,982,2377,0.413,319,939,0.34,541,746,0.725,362,1258,458,249,177,544,778,1226,2633,0.466,283,798,0.355,642,916,0.701,630,1748,722,283,139,473,711
2017,Jacksonville State,Louisville,63,78,Jacksonville State,35,-2.85,-3.24,2434,2378,1410,816,1955,0.41700000000000004,268,716,0.374,478,663,0.721,343,1116,400,210,106,381,626,857,1869,0.45899999999999996,258,685,0.377,462,647,0.7140000000000001,355,1244,493,157,134,477,628,Louisville,34,22.47,11.15,2628,2243,1370,760,1894,0.401,213,674,0.316,510,734,0.695,348,1139,367,169,117,460,622,952,2085,0.457,238,670,0.355,486,708,0.6859999999999999,457,1343,461,227,186,374,652
2017,Michigan,Louisville,73,69,Michigan,38,18.8,10.17,2851,2523,1535,958,2060,0.465,224,593,0.37799999999999995,383,560,0.684,348,1210,438,162,95,478,650,1002,2076,0.483,361,937,0.385,486,624,0.779,280,1111,527,220,108,348,571,Louisville,34,22.47,11.15,2628,2243,1370,760,1894,0.401,213,674,0.316,510,734,0.695,348,1139,367,169,117,460,622,952,2085,0.457,238,670,0.355,486,708,0.6859999999999999,457,1343,461,227,186,374,652
2017,Northern Kentucky,Kentucky,70,79,Northern Kentucky,35,-0.17,-2.84,2659,2507,1400,918,2087,0.44,227,699,0.325,444,628,0.7070000000000001,322,1165,417,207,146,427,643,928,2037,0.456,300,859,0.349,503,740,0.68,391,1319,486,200,98,468,622,Kentucky,38,23.88,10.49,3225,2716,1525,979,2309,0.424,235,768,0.306,523,774,0.6759999999999999,388,1332,431,182,127,544,867,1134,2396,0.473,267,757,0.353,690,980,0.7040000000000001,470,1512,585,229,200,443,716
2017,Wichita State,Kentucky,62,65,Wichita State,36,21.24,2.96,2916,2246,1440,754,2000,0.377,241,775,0.311,497,718,0.6920000000000001,321,1154,373,189,120,488,752,992,2114,0.469,310,769,0.40299999999999997,622,848,0.733,433,1472,586,235,140,406,676,Kentucky,38,23.88,10.49,3225,2716,1525,979,2309,0.424,235,768,0.306,523,774,0.6759999999999999,388,1332,431,182,127,544,867,1134,2396,0.473,267,757,0.353,690,980,0.7040000000000001,470,1512,585,229,200,443,716
2017,UCLA,Kentucky,75,86,UCLA,36,20.67,6.39,3233,2719,1440,1000,2371,0.42200000000000004,310,849,0.365,409,602,0.679,413,1257,468,226,64,423,615,1210,2320,0.522,354,872,0.406,459,622,0.738,343,1386,771,212,191,404,583,Kentucky,38,23.88,10.49,3225,2716,1525,979,2309,0.424,235,768,0.306,523,774,0.6759999999999999,388,1332,431,182,127,544,867,1134,2396,0.473,267,757,0.353,690,980,0.7040000000000001,470,1512,585,229,200,443,716
2017,Troy,Duke,65,87,Troy,37,-0.47,-3.36,2889,2667,1485,933,2182,0.428,295,869,0.33899999999999997,506,703,0.72,380,1267,464,222,119,463,705,982,2153,0.456,311,867,0.359,614,847,0.725,409,1362,484,221,129,462,654,Duke,37,21.56,10.91,2991,2597,1480,959,2218,0.43200000000000005,187,639,0.293,492,693,0.71,399,1245,447,176,88,447,737,1019,2144,0.475,311,822,0.37799999999999995,642,842,0.762,390,1341,484,226,172,421,675
2017,South Carolina,Duke,88,81,South Carolina,37,17.52,10.16,2707,2414,1505,789,1969,0.401,208,687,0.303,628,868,0.7240000000000001,382,1304,363,222,142,632,777,924,2197,0.42100000000000004,248,733,0.33799999999999997,611,874,0.6990000000000001,464,1346,468,288,142,480,751,Duke,37,21.56,10.91,2991,2597,1480,959,2218,0.43200000000000005,187,639,0.293,492,693,0.71,399,1245,447,176,88,447,737,1019,2144,0.475,311,822,0.37799999999999995,642,842,0.762,390,1341,484,226,172,421,675
2017,Iona,Oregon,77,93,Iona,35,1.08,-2.47,2813,2689,1415,951,2183,0.436,280,776,0.361,507,729,0.695,429,1345,504,170,101,461,602,979,2155,0.45399999999999996,342,862,0.397,513,668,0.768,338,1250,541,239,108,421,669,Oregon,39,20.8,8.38,3076,2565,1565,932,2311,0.40299999999999997,273,873,0.313,428,595,0.7190000000000001,408,1274,456,186,133,516,742,1091,2270,0.48100000000000004,334,880,0.38,560,787,0.7120000000000001,412,1431,614,253,248,454,614
2017,Rhode Island,Oregon,72,75,Rhode Island,35,12.88,4.62,2577,2288,1405,762,1875,0.406,166,563,0.295,598,845,0.708,373,1212,353,184,104,459,692,916,2019,0.45399999999999996,217,653,0.332,528,791,0.6679999999999999,409,1301,467,227,206,389,725,Oregon,39,20.8,8.38,3076,2565,1565,932,2311,0.40299999999999997,273,873,0.313,428,595,0.7190000000000001,408,1274,456,186,133,516,742,1091,2270,0.48100000000000004,334,880,0.38,560,787,0.7120000000000001,412,1431,614,253,248,454,614
2017,Michigan,Oregon,68,69,Michigan,38,18.8,10.17,2851,2523,1535,958,2060,0.465,224,593,0.37799999999999995,383,560,0.684,348,1210,438,162,95,478,650,1002,2076,0.483,361,937,0.385,486,624,0.779,280,1111,527,220,108,348,571,Oregon,39,20.8,8.38,3076,2565,1565,932,2311,0.40299999999999997,273,873,0.313,428,595,0.7190000000000001,408,1274,456,186,133,516,742,1091,2270,0.48100000000000004,334,880,0.38,560,787,0.7120000000000001,412,1431,614,253,248,454,614
2017,Kent State,UCLA,80,97,Kent State,36,0.88,-1.63,2772,2628,1465,931,2139,0.435,265,761,0.348,501,713,0.703,385,1238,483,214,86,502,705,986,2302,0.428,257,803,0.32,543,755,0.7190000000000001,539,1454,449,230,134,465,685,UCLA,36,20.67,6.39,3233,2719,1440,1000,2371,0.42200000000000004,310,849,0.365,409,602,0.679,413,1257,468,226,64,423,615,1210,2320,0.522,354,872,0.406,459,622,0.738,343,1386,771,212,191,404,583
2017,Cincinnati,UCLA,67,79,Cincinnati,36,18.43,5.49,2674,2208,1450,767,1974,0.389,251,731,0.34299999999999997,423,575,0.736,368,1162,405,130,113,475,606,969,2116,0.45799999999999996,264,764,0.34600000000000003,472,688,0.6859999999999999,437,1328,557,261,173,361,566,UCLA,36,20.67,6.39,3233,2719,1440,1000,2371,0.42200000000000004,310,849,0.365,409,602,0.679,413,1257,468,226,64,423,615,1210,2320,0.522,354,872,0.406,459,622,0.738,343,1386,771,212,191,404,583
2017,Kansas State,Cincinnati,61,75,Kansas State,35,14.8,10.48,2523,2372,1405,827,1921,0.431,250,654,0.382,468,642,0.7290000000000001,382,1171,459,220,114,525,682,869,1883,0.461,247,683,0.36200000000000004,538,775,0.6940000000000001,330,1132,521,271,130,453,630,Cincinnati,36,18.43,5.49,2674,2208,1450,767,1974,0.389,251,731,0.34299999999999997,423,575,0.736,368,1162,405,130,113,475,606,969,2116,0.45799999999999996,264,764,0.34600000000000003,472,688,0.6859999999999999,437,1328,557,261,173,361,566
2017,Rhode Island,Creighton,84,72,Rhode Island,35,12.88,4.62,2577,2288,1405,762,1875,0.406,166,563,0.295,598,845,0.708,373,1212,353,184,104,459,692,916,2019,0.45399999999999996,217,653,0.332,528,791,0.6679999999999999,409,1301,467,227,206,389,725,Creighton,35,17.27,8.95,2864,2549,1400,933,2134,0.43700000000000006,259,786,0.33,424,615,0.6890000000000001,379,1257,449,234,103,489,608,1078,2137,0.504,304,766,0.397,404,592,0.682,289,1223,598,213,102,435,582
2017,Marquette,South Carolina,73,93,Marquette,32,15.26,8.6,2631,2418,1285,859,1871,0.45899999999999996,235,639,0.368,465,667,0.6970000000000001,319,1077,511,210,114,418,548,919,1888,0.48700000000000004,336,783,0.429,457,585,0.7809999999999999,280,1058,525,231,115,396,620,South Carolina,37,17.52,10.16,2707,2414,1505,789,1969,0.401,208,687,0.303,628,868,0.7240000000000001,382,1304,363,222,142,632,777,924,2197,0.42100000000000004,248,733,0.33799999999999997,611,874,0.6990000000000001,464,1346,468,288,142,480,751
2017,Oklahoma State,Michigan,91,92,Oklahoma State,33,19.19,12.22,2828,2589,1320,875,1856,0.47100000000000003,235,641,0.36700000000000005,604,834,0.7240000000000001,345,1083,451,213,142,491,683,957,2050,0.467,294,732,0.402,620,786,0.789,454,1215,486,252,99,432,730,Michigan,38,18.8,10.17,2851,2523,1535,958,2060,0.465,224,593,0.37799999999999995,383,560,0.684,348,1210,438,162,95,478,650,1002,2076,0.483,361,937,0.385,486,624,0.779,280,1111,527,220,108,348,571
2017,Wichita State,Dayton,64,58,Wichita State,36,21.24,2.96,2916,2246,1440,754,2000,0.377,241,775,0.311,497,718,0.6920000000000001,321,1154,373,189,120,488,752,992,2114,0.469,310,769,0.40299999999999997,622,848,0.733,433,1472,586,235,140,406,676,Dayton,32,12.98,4.27,2428,2126,1285,731,1772,0.413,227,699,0.325,437,618,0.7070000000000001,312,1110,404,139,116,479,633,820,1763,0.465,258,671,0.385,530,768,0.69,277,1097,500,249,128,376,601
2017,Michigan State,Miami (FL),78,58,Michigan State,35,13.67,10.5,2515,2404,1405,832,2027,0.41,229,662,0.34600000000000003,511,704,0.726,349,1150,446,211,105,380,658,905,1927,0.47,273,732,0.373,432,646,0.669,328,1275,591,151,162,490,699,Miami (FL),33,14.48,9.57,2278,2116,1325,761,1817,0.419,208,631,0.33,386,522,0.7390000000000001,318,1043,395,197,101,392,553,813,1800,0.452,209,587,0.35600000000000004,443,617,0.718,363,1176,389,213,125,417,513
2017,Seton Hall,Arkansas,71,77,Seton Hall,33,12.1,9.25,2417,2323,1335,811,1872,0.433,214,628,0.341,487,677,0.7190000000000001,295,1087,398,231,114,403,642,872,1949,0.447,202,598,0.33799999999999997,471,733,0.643,439,1311,405,228,82,449,613,Arkansas,36,14.04,8.6,2855,2659,1440,901,2159,0.41700000000000004,263,792,0.332,594,843,0.705,460,1322,454,187,118,477,670,997,2165,0.461,233,638,0.365,628,825,0.7609999999999999,401,1298,497,278,170,428,739
2017,Oakland,Richmond,83,87,Oakland,34,4.22,-3.0,2699,2419,1365,882,2166,0.40700000000000003,225,703,0.32,430,614,0.7,388,1246,451,217,109,483,665,935,2057,0.455,247,738,0.335,582,765,0.7609999999999999,353,1324,576,266,170,462,592,Richmond,35,5.45,3.28,2596,2520,1410,890,2012,0.442,229,714,0.321,511,697,0.733,373,1279,472,197,105,492,625,938,1993,0.47100000000000003,271,793,0.342,449,630,0.713,236,1078,592,232,67,399,634
2017,Boise State,Illinois,56,71,Boise State,32,5.52,2.72,2404,2278,1280,775,1815,0.42700000000000005,183,544,0.336,545,748,0.7290000000000001,296,1081,378,192,147,378,650,811,1802,0.45,253,726,0.348,529,743,0.7120000000000001,309,1139,387,158,77,409,662,Illinois,35,10.54,9.25,2508,2417,1405,869,2002,0.434,245,734,0.33399999999999996,434,597,0.727,311,1161,396,186,97,448,651,898,2019,0.445,270,731,0.369,442,643,0.687,342,1217,472,197,83,433,641
2017,Cal State Bakersfield,Colorado State,81,63,Cal State Bakersfield,35,3.21,-1.94,2502,2235,1425,696,1874,0.371,242,762,0.318,601,870,0.691,389,1232,385,213,118,584,686,895,2035,0.44,229,652,0.35100000000000003,483,755,0.64,433,1349,507,286,137,519,794,Colorado State,36,6.03,2.17,2611,2447,1440,860,2115,0.40700000000000003,272,858,0.317,455,663,0.6859999999999999,388,1274,418,198,109,418,717,879,2070,0.425,257,758,0.33899999999999997,596,815,0.731,409,1374,397,218,123,392,618
2017,Samford,Liberty,58,66,Samford,36,-1.87,-3.7,2834,2733,1490,961,2241,0.429,298,900,0.331,513,715,0.7170000000000001,419,1277,591,244,134,449,733,955,2038,0.469,279,707,0.395,645,868,0.743,345,1300,581,222,88,493,678,Liberty,35,-5.51,-6.16,2331,2220,1415,738,1702,0.434,241,719,0.335,503,698,0.721,252,1179,378,158,84,499,607,779,1787,0.436,319,888,0.359,454,612,0.742,173,990,453,229,65,363,670
2017,Georgia Tech,Ole Miss,74,66,Georgia Tech,37,7.82,8.21,2496,2472,1485,887,2231,0.39799999999999996,272,824,0.33,426,608,0.701,429,1343,490,252,145,485,662,910,2079,0.43799999999999994,171,516,0.331,505,740,0.682,356,1330,570,245,221,494,592,Ole Miss,36,9.65,7.99,2807,2747,1450,938,2204,0.426,321,884,0.363,550,785,0.701,414,1313,557,244,131,501,756,914,2162,0.423,283,815,0.34700000000000003,696,926,0.752,458,1422,465,243,149,516,702
