Rk,Team,Conf,G,Rec,AdjOE,AdjOE Rank,AdjDE,AdjDE Rank,Barthag,Barthag Rank,EFG%,EFG% Rank,EFGD%,EFGD% Rank,TOR,TOR Rank,TORD,TORD Rank,ORB,ORB Rank,DRB,DRB Rank,FTR,FTR Rank,FTRD,FTRD Rank,2P%,2P% Rank,2P%D,2P%D Rank,3P%,3P% Rank,3P%D,3P%D Rank,Adj T.,Adj T. Rank,WAB,WAB Rank
1,Louisville,Amer,37,31-6,118.8,10,87.6,2,.9710,1,53.5,30,43.9,5,15.3,23,25,2,37.1,23,32.7,243,41.2,144,38.4,130,52.7,25,44.3,36,36.8,70,28.6,2,68.8,67,5.3,15
2,Arizona,P12,38,33-5,116.2,19,87.4,1,.9636,2,51.7,73,42.3,1,15.7,30,19.1,115,36.4,28,27.3,16,41,153,34.2,54,50.7,76,40.2,2,36.4,77,32,57,64.3,284,9.4,2
3,Florida,SEC,39,36-3,115.9,20,88.4,3,.9575,3,52.2,59,45.4,27,17.5,110,21.3,24,35.3,44,28,33,42.4,103,31.2,21,51.3,58,43.5,19,35.9,96,33,93,63.1,325,11.7,1
4,Virginia,ACC,37,30-7,114.6,26,89.5,5,.9449,4,50.8,116,44.2,7,16.5,59,18.4,162,33.9,86,25.8,6,42,117,32.5,35,49,151,42.1,7,36.9,67,32.3,65,61.2,345,8.2,4
5,Wisconsin,B10,38,30-8,122.7,4,95.9,38,.9441,5,53.3,32,47.2,76,12.7,2,15.3,325,28.1,275,27.4,17,42.7,100,27.1,3,51.3,58,45.9,74,37.6,55,34.1,149,63.9,297,7.9,6
6,Duke,ACC,35,26-9,125.9,1,98.6,69,.9432,6,53.8,26,49.3,150,14.6,10,18.5,155,35.2,47,31.3,169,38.8,217,40.8,179,50.3,95,50.3,236,39.5,11,30.7,20,66.7,165,6.5,12
7,Tennessee,SEC,36,23-13,118.1,13,93.4,17,.9374,7,49.8,159,46.5,54,16.8,70,16.9,257,39.7,5,27.5,19,41.8,124,31.5,25,50.6,82,44.5,43,31.9,280,34.5,173,63.1,324,0.4,55
8,Michigan St.,B10,38,29-9,119.6,6,95.3,32,.9319,8,54.5,14,45.8,35,17.4,105,17.7,216,32.9,115,27.5,19,33.7,321,40.3,169,52.1,41,43.5,19,39.2,15,33.2,103,66.2,191,6.9,10
9,Michigan,B10,37,28-9,125.0,3,99.9,88,.9295,9,55.7,8,49.4,153,14.8,15,17.1,243,29.4,241,30.5,127,34.9,302,26.7,2,52.7,25,50.2,234,40.2,4,31.8,49,62.6,332,7.7,8
10,Wichita St.,MVC,35,34-1,116.4,18,93.0,14,.9295,10,52.4,47,44.7,18,16.2,49,18.2,176,35,51,26.2,8,46.9,41,35.7,76,52.3,32,43.6,24,35,136,31.1,30,65.1,248,8.1,5
11,Kansas,B12,35,25-10,119.2,7,95.6,34,.9270,11,54.2,17,47.1,73,19.1,238,16.4,286,37.3,19,28.8,58,48.3,32,45.5,279,55.5,6,44.3,36,34,181,35.5,239,68.2,91,6.9,11
12,Pittsburgh,ACC,36,26-10,117.1,17,94.0,20,.9261,12,50.7,117,46.7,60,16.3,53,19.2,106,37.2,21,29,65,44.3,69,36.4,92,50.1,101,45.5,61,35.1,129,32.6,73,63.8,305,4.1,22
13,Villanova,BE,34,29-5,115.2,23,92.5,11,.9260,13,53.6,29,46.3,49,17.3,98,20,58,32.6,126,28.7,54,44.5,66,38.6,136,53.8,13,43,12,35.6,114,35.3,227,67.6,117,8.3,3
14,Connecticut,Amer,40,32-8,112.5,49,91.3,9,.9171,14,51.5,82,44.6,15,17.3,98,19.6,79,30.4,206,32.8,249,38.3,233,35.7,76,48.1,195,42.2,8,38.7,24,33,93,64.8,262,4.7,17
15,UCLA,P12,37,28-9,119.0,9,96.6,46,.9167,15,54.1,20,49.9,177,14.5,8,20.3,46,29.8,231,28.6,47,38.2,235,35.7,76,53,20,48.6,171,38,41,34.4,170,70.2,33,4.5,18
16,Syracuse,ACC,34,28-6,114.2,32,92.8,12,.9156,16,48.2,227,48,108,14.8,15,21.9,15,38.1,11,31.5,180,38.2,235,36.7,97,47.7,212,45.5,61,33.1,220,34.5,173,61.5,343,7.9,7
17,Creighton,BE,35,27-8,125.2,2,101.9,123,.9144,17,58.9,1,48.5,120,15,18,14.8,342,27.7,284,27.8,25,33.9,316,33,39,56.3,2,47,113,41.4,1,34.2,156,65.4,236,5.6,14
18,Ohio St.,B10,35,25-10,108.4,108,88.5,4,.9107,18,50.3,134,45.2,23,17.2,87,21.9,15,29.6,237,29.6,92,42.3,108,29.8,9,51.1,64,45.9,74,32.4,263,29.3,5,65.4,239,4.5,19
19,Iowa,B10,33,20-13,121.2,5,99.2,76,.9089,19,51.1,104,47.4,82,15.9,38,18.8,135,37.6,17,29,65,45.3,54,35.4,69,50.6,82,47.3,120,35,136,31.7,47,70.9,20,1.2,47
20,Oklahoma St.,B12,34,21-13,115.6,21,94.8,27,.9067,20,52.4,47,46.3,49,14.7,11,20,58,28,279,32,215,49.7,21,41,185,51.3,58,45,50,36.4,77,32.7,80,69.2,58,1.4,40
21,Gonzaga,WCC,35,28-7,113.6,38,93.3,16,.9064,21,55.2,10,44.6,15,17.4,105,17.4,231,30.6,197,29.5,87,41.2,144,38.6,136,53.6,17,43.3,16,39,17,31.8,49,66.5,172,4,24
22,Kentucky,SEC,40,29-11,117.2,16,96.2,40,.9062,22,49.9,149,46,40,18.1,150,16.1,301,42,1,29.7,96,51.8,11,36.8,98,50,102,44.9,47,33.2,214,32.2,63,65.9,212,3.9,25
23,San Diego St.,MWC,34,29-5,109.4,91,90.7,8,.8960,23,46.7,285,44.4,9,15.2,22,20.6,37,36.1,31,29.4,84,45.1,56,32.4,34,45.1,303,43.5,19,34.2,173,30.8,23,64,295,6,13
24,VCU,A10,35,26-9,108.3,109,89.8,6,.8955,24,47.9,243,47.8,97,17.2,87,25.6,1,34.9,54,30.8,141,35.2,298,39.7,157,45.6,287,48.8,175,34.9,142,30.3,12,70.8,22,3.6,28
25,Iowa St.,B12,36,28-8,118.6,11,98.8,71,.8903,25,54.2,17,47.7,93,14.5,8,15.9,308,28.8,261,28.5,43,36.4,277,30.7,17,54.4,9,46,78,35.8,101,34.1,149,71.6,14,7.5,9
26,Baylor,B12,36,24-12,119.2,8,99.5,81,.8885,26,51.3,90,48.7,125,17.8,131,15.8,315,40.1,3,32,215,44.8,59,32.3,33,48.3,182,46.4,91,38,41,35.6,246,62.9,327,3.1,31
27,North Carolina,ACC,34,24-10,113.4,41,94.7,24,.8883,27,49.9,149,47,68,16.9,73,19.3,99,38.1,11,31.3,169,42.9,97,41.4,197,49.7,114,46.7,101,33.6,197,31.7,47,70.8,21,4.2,21
28,Oklahoma,B12,33,23-10,118.2,12,99.4,80,.8793,28,51.7,73,49.7,168,15.7,30,17.8,208,32.4,131,30.4,122,39.4,196,38.5,133,48.7,165,48.8,175,37.9,46,34.2,156,71.6,15,4.1,23
29,Cincinnati,Amer,34,27-7,108.7,102,91.5,10,.8783,29,47.7,248,44.8,19,17.4,105,22.4,12,39.1,8,32.3,229,38.7,222,36,81,46.6,256,43.2,13,33.5,201,32,57,63.5,313,5.3,16
30,Oregon,P12,34,24-10,118.1,14,100.0,90,.8720,30,53.5,30,49.1,140,16.1,43,18.9,127,32.2,141,31.9,213,43.8,80,47.8,301,51,68,49.4,197,38.9,22,32.4,66,69.3,55,2.6,33
31,New Mexico,MWC,34,27-7,112.8,46,95.7,36,.8693,31,51.1,104,45,21,15.9,38,14.9,339,32.5,129,28.2,40,46.7,42,31.3,23,51.7,47,41.1,3,33.2,214,34.8,195,66.2,197,4.4,20
32,SMU,Amer,37,27-10,110.4,73,93.7,18,.8679,32,52.8,38,44.8,19,20.2,285,21.2,27,35,51,30.5,127,43.8,80,38.7,141,51.6,50,42.7,9,37.9,46,32.1,60,66.2,196,1.4,41
33,Harvard,Ivy,31,26-5,111.9,56,95.2,31,.8641,33,52.1,63,46.2,44,17.6,119,21.1,29,32.3,135,29.3,80,48.4,31,36.3,90,49.7,114,44.9,47,38.6,26,32.7,80,65.5,229,2.2,35
34,Saint Joseph's,A10,34,24-10,113.8,37,97.5,55,.8546,34,53.9,24,47.8,97,18.7,198,15.3,325,29.5,239,27.8,25,43.6,85,30.6,15,52.3,32,46,78,37.9,46,34.2,156,65.9,210,2.1,36
35,Texas,B12,35,24-11,112.4,50,96.7,47,.8507,35,47.4,260,46.5,54,17.5,110,16.3,295,39.6,6,30.2,116,43.4,86,41,185,46.9,243,42.9,11,32.7,241,35.2,221,68.7,72,3.6,27
36,Minnesota,B10,37,24-13,114.4,28,98.4,66,.8499,36,51.6,81,48.7,125,18.1,150,18.7,144,31.4,171,31.2,160,39.7,185,40.2,163,50.6,82,47.1,117,35.5,119,34.4,170,65,253,0.5,53
37,Memphis,Amer,33,23-10,112.6,48,97.0,51,.8479,37,51.9,67,48.4,117,18.6,191,20.3,46,35.8,34,33.3,269,39.5,189,33.8,50,52.7,25,49.2,189,33,225,31,26,69.5,52,2.8,32
38,Saint Louis,A10,33,26-7,104.9,169,90.4,7,.8477,38,49.6,166,44.4,9,18.6,191,21,31,28.8,261,29,65,40.3,171,35.6,75,50.5,90,44.4,41,31.7,288,29.6,7,67.5,124,3.8,26
39,Kansas St.,B12,33,20-13,107.9,118,92.9,13,.8473,39,48.8,203,45.3,25,18.5,183,19,120,34.7,59,33.2,266,40.3,171,45.4,277,48.3,182,45.9,74,33.1,220,29.3,5,64.8,260,0.5,52
40,Stanford,P12,36,23-13,111.7,58,96.5,45,.8436,40,51.3,90,48,108,17,77,17,251,29.3,242,28.1,37,45,58,37,103,49.9,107,45.8,71,36.4,77,34.9,201,67.2,136,1.1,48
41,Louisiana Tech,CUSA,36,28-8,109.8,86,94.9,28,.8423,41,51.2,99,46,40,15.7,30,22.8,10,33.5,95,29.9,107,41.7,128,38.6,136,52.2,38,45.6,63,33,225,31.5,40,71.1,17,0,61
42,Arkansas,SEC,34,22-12,110.6,69,96.4,42,.8303,42,50.1,141,46.2,44,15.7,30,23.2,8,31.8,157,36.6,343,40.2,175,43,231,48,197,43.6,24,36.2,87,34.6,183,72.8,7,0.1,60
43,Florida St.,ACC,36,22-14,112.0,53,97.6,56,.8301,43,51.7,73,45.4,27,21.3,320,18.9,127,34.5,63,35.7,329,45.6,51,36.2,87,49.7,114,43.5,19,38,41,32.9,89,67.2,140,1.4,39
44,Utah,P12,31,19-12,110.4,72,96.2,41,.8289,44,53.1,34,47.3,80,18.3,170,18.8,135,28.2,272,29.2,77,39.8,181,36.2,87,53.7,15,46.7,101,34.5,164,32.6,73,65.3,241,-0.4,63
45,Arizona St.,P12,33,21-12,110.3,74,96.4,43,.8252,45,52.4,47,46.3,49,16.3,53,17,251,24.5,336,30.2,116,42.5,102,37.3,108,48.8,158,45.3,54,39,17,32.6,73,69.3,56,1.2,46
46,Providence,BE,35,22-13,114.9,24,100.4,100,.8249,46,48.3,222,48.9,131,17.3,98,16.4,286,35.3,44,30.8,141,41.9,120,33.7,48,46.5,258,48.8,175,34.7,152,32.8,84,64.9,259,1.2,45
47,Indiana,B10,32,17-15,108.4,107,94.7,26,.8246,47,49.9,149,46.2,44,21.8,329,17.8,208,37.2,21,28,33,45.3,54,35.5,73,49.1,144,46.8,105,34.4,168,29.9,8,69.5,53,-2.1,78
48,Maryland,ACC,32,17-15,108.1,113,94.5,22,.8237,48,49.1,190,47.2,76,18.6,191,18.7,144,33.5,95,28.9,61,36.7,270,42.1,214,47.8,209,45.4,58,34.2,173,34.1,149,69.1,59,-1.5,69
49,Georgetown,BE,33,18-15,114.3,30,100.0,91,.8228,49,51.1,104,47.9,105,17.9,138,18.2,176,31.9,153,32.1,222,44.8,59,52.4,331,51.8,45,46.8,105,33.1,220,33.3,113,65.1,250,-1.6,71
50,Dayton,A10,37,26-11,113.0,45,99.1,75,.8188,50,52.4,47,48.8,127,18.1,150,18.8,135,33.9,86,28.8,58,40.6,160,43,231,50.4,94,48.3,158,37.7,53,33.2,103,65.4,238,0.6,50
51,Nebraska,B10,32,19-13,108.2,112,95.0,29,.8172,51,48.3,222,47.6,88,16.7,67,19,120,25.7,323,29,65,42.3,108,44.9,271,47.4,219,47.8,142,33.3,209,31.5,40,66.4,178,1.3,44
52,George Washington,A10,33,24-9,110.2,78,96.8,48,.8151,52,51.5,82,47.2,76,19,232,19.6,79,35.1,49,31.4,176,46.6,43,33.4,43,50.2,97,47.4,127,36.4,77,31.2,33,67.2,143,3.2,30
53,Clemson,ACC,36,23-13,106.7,137,93.9,19,.8116,53,47.4,260,43.9,5,18.2,160,17.3,237,33.8,88,32.5,238,36.1,284,28.6,5,47.9,205,44.3,36,31,313,28.5,1,60,348,0.2,58
54,St. John's,BE,33,20-13,107.7,119,95.1,30,.8084,54,48.7,210,46.5,54,15.6,28,19.2,106,31.1,180,30.8,141,37.1,259,38.1,123,47.6,214,44,30,34.9,142,34.5,173,68.1,94,-0.2,62
55,BYU,WCC,34,22-12,113.8,36,100.5,101,.8078,55,50.6,120,49.1,140,15.3,23,16.6,276,34.9,54,28.6,47,47.6,37,36.8,98,49.2,139,48.2,152,36.9,67,33.7,127,73,5,0.6,51
56,North Carolina St.,ACC,36,22-14,114.8,25,101.4,112,.8066,56,50,144,47.5,84,15.8,34,17.4,231,34.1,75,35.6,325,37,264,42.6,223,51.5,54,47.3,120,30.5,323,32.1,60,66.5,173,0.6,49
57,Illinois,B10,35,20-15,105.4,159,93.1,15,.8065,57,46.5,294,48.1,112,16.5,59,18.7,144,31.2,176,29.3,80,31.2,341,32.2,31,45.9,276,46.3,90,31.7,288,34.3,165,63.1,323,0.3,56
58,West Virginia,B12,33,17-16,115.2,22,101.8,121,.8058,58,50.4,128,50.6,212,14.2,7,18.5,155,32.4,131,32.5,238,39.1,207,41.6,205,46.9,243,50,224,38.1,37,34.5,173,68.2,92,-1.8,74
59,LSU,SEC,34,20-14,111.3,62,98.4,67,.8043,59,50,144,46.7,60,19.2,241,18,197,35,51,31.6,191,34.2,314,38.7,141,49.4,132,43.8,26,34.2,173,35.8,256,70.1,34,-1.1,67
60,Xavier,BE,34,21-13,112.0,52,99.5,82,.7965,60,51.7,73,49.4,153,18.7,198,16.9,257,34.1,75,28.7,54,41.6,131,39.5,155,51.5,54,47.4,127,34.8,151,35.2,221,66,207,1.4,38
61,Massachusetts,A10,33,24-9,109.0,96,96.9,50,.7952,61,50.4,128,46.6,57,18.8,211,18.7,144,34.3,69,31.7,199,39.2,204,37.2,105,49.9,107,46.8,105,34.6,159,30.8,23,71.8,12,3.6,29
62,Marquette,BE,32,17-15,109.8,85,98.0,60,.7885,62,48.7,210,49.1,140,17.5,110,19.3,99,34.1,75,29.6,92,44.8,59,38.7,141,48.9,152,45.7,67,32.1,273,36.5,277,66.7,163,-2.1,79
63,Saint Mary's,WCC,34,22-12,111.9,55,99.8,85,.7880,63,51.4,86,49.7,168,18.2,160,18.1,186,35.8,34,29.7,96,48,35,40.9,183,48.3,182,49.1,184,38.1,37,34.2,156,63.3,318,-1.8,75
64,Miami FL,ACC,33,17-16,109.8,87,98.5,68,.7771,64,47.6,253,47,68,17.2,87,16.4,286,33.5,95,30.4,122,36.1,284,31.2,21,47.2,229,43.4,17,32.3,268,35.5,239,58.7,351,-3.8,100
65,Colorado,P12,35,23-12,106.9,132,96.0,39,.7740,65,48.3,222,49.4,153,19.7,264,17.8,208,34,80,26.1,7,48.3,32,30.2,13,48.6,173,47.3,120,31.8,285,35.6,246,66.9,155,2.4,34
66,California,P12,35,21-14,110.9,65,99.8,84,.7717,66,50.7,117,46.9,66,15.1,20,15,336,29.5,239,29.8,103,35.6,294,33.7,48,50.2,97,44.3,36,34.5,164,35.3,227,66.4,177,-0.6,65
67,Missouri,SEC,35,23-12,114.2,31,102.9,141,.7682,67,51.2,99,47.8,97,19,232,15.9,308,34.7,59,30.7,138,52.5,8,37.7,114,51,68,46.6,97,34.4,168,33.2,103,66.4,183,1.3,43
68,North Dakota St.,Sum,30,23-7,113.9,34,103.0,143,.7613,68,54.5,14,49.8,172,15.6,28,17.1,243,30.6,197,27.9,29,41.6,131,40.2,163,55.4,7,46.1,82,34.7,152,37.8,315,64,293,0.2,59
69,Alabama,SEC,31,12-19,108.3,110,98.0,61,.7585,69,49.4,175,47,68,18.3,170,19.3,99,30,221,34.5,301,44,74,41.3,194,49.1,144,47.5,130,33.3,209,30.7,20,63.7,308,-6.1,144
70,Boise St.,MWC,31,18-13,114.3,29,103.7,154,.7546,70,51.2,99,51.3,246,15,18,17,251,32.1,144,26.4,9,36.6,273,42.3,218,49.8,111,50.4,240,35.9,96,35.3,227,65.5,231,-3.3,92
71,Tulsa,CUSA,34,21-13,105.6,157,95.8,37,.7537,71,49.2,186,46.4,52,16.7,67,20.3,46,30.2,217,29.6,92,47.1,40,47.5,296,49.2,139,43.2,13,32.7,241,35.2,221,68.4,84,-3.6,97
72,Stephen F. Austin,Slnd,33,30-3,112.0,54,101.6,119,.7527,72,52.3,53,50.5,206,16.9,73,23.6,6,38.2,10,28.9,61,39.9,180,50.7,326,52.3,32,50,224,34.9,142,34.7,187,63.5,312,1.7,37
73,Manhattan,MAAC,33,25-8,106.2,143,96.4,44,.7519,73,50.7,117,45.4,27,19.7,264,21.7,17,34.4,67,33.3,269,55.5,2,52.8,334,48.7,165,44,30,36.9,67,32.7,80,69.6,47,-0.5,64
74,UNLV,MWC,33,20-13,107.9,116,98.1,63,.7491,74,48.9,196,44.5,13,16.6,64,15.3,325,34.2,73,31,152,39.5,189,25.7,1,48.7,165,44.2,34,32.9,230,30.2,11,67.2,137,-3.9,104
75,St. Bonaventure,A10,33,18-15,111.6,60,101.6,116,.7462,75,49.6,166,50.7,218,18.7,198,21.5,21,36.5,26,31.7,199,41.1,149,45,272,49.9,107,49.4,197,32.6,247,35.5,239,67.4,128,-4.6,115
76,Penn St.,B10,34,16-18,110.2,79,100.4,99,.7433,76,48.3,222,47.7,93,15.8,34,16.4,286,29.9,224,28.7,54,39.4,196,47.9,303,48.6,173,44.9,47,31.9,280,35.2,221,66.2,190,-3.7,98
77,Middle Tennessee,CUSA,31,22-9,104.7,177,95.6,35,.7401,77,49.5,172,46.8,64,19.2,241,21.7,17,34.9,54,29.4,84,44.1,72,43.9,253,48.8,158,45.6,63,34.2,173,33,93,64.5,274,-1.8,73
78,Iona,MAAC,33,22-11,118.0,15,107.8,233,.7391,78,57.4,3,50.6,212,14.8,15,16.7,271,26.1,315,35.6,325,38,244,29.4,8,55.8,4,50.4,240,39.6,10,34.1,149,70.3,26,-2.5,82
79,New Mexico St.,WAC,35,25-10,111.6,59,102.0,124,.7385,79,53.2,33,44.4,9,18.7,198,16.1,301,37.7,16,33,255,53.9,4,34.1,52,52.9,24,42.7,9,36.1,90,33.2,103,67.1,149,-2.3,81
80,Georgia St.,SB,32,23-9,114.0,33,104.3,168,.7360,80,53.1,34,49.6,167,11.9,1,20.1,55,24.9,330,34.1,293,38.8,217,36,81,51.1,64,48.3,158,38,41,34.3,165,66,208,-2.2,80
81,Northern Iowa,MVC,30,15-15,113.1,43,103.8,156,.7298,81,52.7,40,51.1,235,16.1,43,17.1,243,25.9,319,27.9,29,38.5,228,37.3,108,51.7,47,49.1,184,35.9,96,36.4,272,65.8,217,-6.1,141
82,Seton Hall,BE,34,17-17,108.8,98,99.8,86,.7281,82,52.4,47,50.2,193,18.1,150,18.2,176,26.4,312,28.3,41,43.1,92,41.6,205,51.6,50,49.1,184,35.8,101,34.9,201,66,205,-5,122
83,Mississippi,SEC,33,19-14,111.1,64,102.0,125,.7277,83,48.2,227,48.4,117,15.9,38,19.9,64,33.1,109,35.5,323,39.6,186,43.3,242,46.5,258,46.2,84,33.9,186,34.7,187,69.8,40,-2.7,86
84,Georgia,SEC,34,20-14,107.9,117,99.0,74,.7275,84,48.9,196,45.9,36,20,277,16,305,35.3,44,29.8,103,54.1,3,43.4,244,47.5,216,44.8,46,34.9,142,31.9,53,64.5,275,-1.8,72
85,Southern Miss,CUSA,34,27-7,108.7,99,99.9,87,.7266,85,50.6,120,50.2,193,20.5,306,23,9,38.6,9,29.1,72,51.5,13,46.3,285,50,102,49.2,189,34.7,152,34.3,165,64.5,277,1.3,42
86,Purdue,B10,31,14-17,108.6,104,100.2,93,.7172,86,47.2,267,47.8,97,17.8,131,16.4,286,36.3,30,30.6,136,37.5,254,41.9,207,46.2,269,46.9,110,33.2,214,33,93,69,62,-3.8,102
87,Green Bay,Horz,28,21-7,106.5,139,98.3,65,.7165,87,50.9,112,46,40,18.7,198,19.9,64,34,80,32.5,238,43,93,34.1,52,50.9,70,44.7,45,34,181,32.4,66,67.2,139,0.4,54
88,Texas Tech,B12,32,14-18,110.0,82,101.6,117,.7126,88,49.7,163,49.9,177,18.8,211,17.9,204,37.6,17,32.9,251,38.7,222,42,211,50.7,76,50,224,31.1,309,33,93,62.5,334,-3.8,103
89,Notre Dame,ACC,32,15-17,113.5,39,104.9,183,.7118,89,51.7,73,51.4,251,15.9,38,16.8,261,32.1,144,30.1,112,30,345,32.1,29,50.7,76,48.2,152,35.8,101,38.5,330,64.7,270,-4.6,116
90,San Francisco,WCC,31,19-12,111.4,61,103.0,144,.7095,90,53.1,34,50.5,206,17.3,98,16.7,271,33,113,29.4,84,43.9,76,40.2,163,52.7,25,49.1,184,36,94,35.3,227,65.8,218,-2,76
91,Georgia Tech,ACC,33,16-17,105.7,154,97.9,58,.7082,91,47.8,246,47.4,82,18.4,178,15.4,324,32.7,122,28.5,43,34.4,309,37.9,119,48,197,46.2,84,31.5,299,33.2,103,66.2,192,-4.5,114
92,Butler,BE,30,13-17,105.9,152,98.3,64,.7022,92,47.3,264,50.1,188,15.3,23,17.7,216,30.4,206,28.5,43,37.7,251,31.4,24,47.3,223,51.4,275,31.4,304,31.4,35,63.8,299,-5.6,133
93,North Carolina Central,MEAC,32,26-6,107.9,115,100.2,94,.7018,93,50.2,138,44.4,9,17.2,87,23.7,5,35.4,40,33.1,260,49.5,23,44.8,270,50.8,73,43.2,13,32.5,257,31,26,64.1,290,-0.6,66
94,Mercer,ASun,33,24-9,109.6,90,101.8,122,.6993,94,54,23,46.8,64,17.5,110,19,120,32,149,31.1,154,37.3,256,41,185,51.6,50,46.9,110,38.8,23,31,26,65.2,243,-2.8,88
95,Oregon St.,P12,32,16-16,113.2,42,105.2,185,.6989,95,54.1,20,50.6,212,19.5,257,15.2,331,30.7,194,32,215,50.9,16,36.8,98,52.3,32,48.5,167,39.2,15,36.8,282,67.3,131,-3.7,99
96,Belmont,OVC,35,25-10,113.4,40,105.4,190,.6977,96,57.6,2,52,278,18.6,191,20.5,42,28.2,272,33.3,269,41.2,144,42.9,226,56.9,1,52.1,301,39,17,34.5,173,69.3,54,-2,77
97,Richmond,A10,33,19-14,104.1,186,96.9,49,.6959,97,48.1,234,45.9,36,16.2,49,20,58,25.9,319,34.3,299,41,153,40.4,171,48,197,46.2,84,32.2,271,30.1,9,64,296,-3,91
98,UTEP,CUSA,32,21-11,106.2,144,98.9,72,.6937,98,50.6,120,44.5,13,20.2,285,17.4,231,32.2,141,32.9,251,52.7,7,37.8,117,51.2,62,43.9,28,32.6,247,30.5,15,64.7,267,-2.7,87
99,Princeton,Ivy,29,20-9,105.1,164,98.1,62,.6901,99,52.8,38,48,108,17.1,83,18.8,135,25,327,25.1,3,38,244,37.4,111,52.1,41,47.5,130,35.7,107,32.8,84,64.8,264,-2.5,83
100,UC Irvine,BW,33,21-12,102.1,214,95.5,33,.6831,100,51.4,86,42.3,1,19.4,252,14.9,339,32,149,29.5,87,36.3,280,39.3,151,50.7,76,39.2,1,35.5,119,33.2,103,64.8,263,-4.3,110
101,Vermont,AE,31,20-11,107.1,125,100.3,96,.6820,101,52.2,59,45.5,31,18.2,160,20.1,55,33.1,109,27.8,25,46,46,40.2,163,49.7,114,44,30,39,17,32.5,70,64,294,-4.1,106
102,Cleveland St.,Horz,31,19-12,109.3,92,102.3,129,.6813,102,52.7,40,47.8,97,19.3,249,19.3,99,31.9,153,31.5,180,37.5,254,44.3,262,48.8,158,46.6,97,40.2,4,33.4,118,64.4,279,-4.2,109
103,Texas A&M,SEC,34,18-16,101.1,236,94.7,25,.6794,103,47.9,243,45.3,25,17.4,105,20.3,46,27.2,295,31.4,176,38.8,217,39.8,159,48.1,195,46.5,92,31.7,288,28.8,4,63.8,303,-4.9,120
104,Washington,P12,32,17-15,111.2,63,104.2,165,.6788,104,49.6,166,51.8,266,16.5,59,16.3,295,32.2,141,29.2,77,37.1,259,41.4,197,49.1,144,53.3,327,33.9,186,31.8,49,68.8,69,-3.6,96
105,La Salle,A10,31,15-16,105.9,151,99.4,78,.6741,105,46.4,301,48.1,112,17.5,110,17.6,221,33.1,109,32.5,238,39.1,207,32.1,29,45.3,297,47.5,130,32.5,257,33.1,101,64.7,268,-5.2,123
106,Fresno St.,MWC,37,19-18,110.7,67,103.9,161,.6738,106,49.9,149,48.8,127,14.7,11,16.6,276,24,340,31.6,191,40.6,160,42,211,47.1,235,49.5,203,36.3,83,31.5,40,67.1,147,-5.8,136
107,Auburn,SEC,30,14-16,110.5,71,103.9,159,.6706,107,48.9,196,49.8,172,17.9,138,18.8,135,31.7,162,33.1,260,44.1,72,48.7,309,50,102,45.4,58,31,313,38.7,333,67.9,102,-5.4,130
108,UC Santa Barbara,BW,28,19-9,110.3,76,103.7,155,.6694,108,53.1,34,47,68,17.6,119,16,305,31.1,180,31.5,180,41.9,120,39.3,151,50.5,90,43.5,19,38.7,24,35.2,221,63.7,306,-2.8,89
109,Buffalo,MAC,28,18-10,110.1,80,103.6,153,.6667,109,50.2,138,47.1,73,18.5,183,19.2,106,35.1,49,31.4,176,41.8,124,36.3,90,50,102,47.6,137,33.7,195,30.6,18,68.1,93,-5,121
110,Vanderbilt,SEC,31,15-16,103.6,195,97.9,59,.6572,110,49.1,190,45.7,33,20.6,312,16.5,284,29.9,224,34.6,308,41.2,144,35.3,65,49.8,111,45.8,71,31.9,280,30.4,14,63.9,298,-4.6,117
111,Louisiana Lafayette,SB,32,20-12,110.5,70,104.5,174,.6557,111,51.5,82,50.4,202,18.8,211,18.5,155,36.5,26,31.8,206,44.3,69,44,258,49.6,122,50.6,248,37.1,61,33.2,103,70,36,-3.8,101
112,Portland,WCC,31,15-16,108.7,100,103.0,142,.6514,112,50.9,112,49,136,17.1,83,16.7,271,32.1,144,29.3,80,39.5,189,43.9,253,47.9,205,46,78,39.4,12,36.9,285,67.2,141,-7.6,167
113,Boston University,Pat,35,24-11,107.0,129,101.4,111,.6490,113,52.3,53,49.8,172,17.6,119,20.4,44,28.1,275,29.8,103,29.9,346,31.5,25,50.9,70,48.2,152,36.3,83,35.4,233,66.8,158,-2.6,85
114,Davidson,SC,32,19-13,113.1,44,107.2,222,.6488,114,54.7,12,51.7,263,16.6,64,17.7,216,29.1,249,28.6,47,38.4,230,45.5,279,53.5,18,51,262,37.8,51,36,263,67.9,104,-5.3,126
115,Wake Forest,ACC,33,17-16,106.7,135,101.2,108,.6484,115,49.8,159,47.5,84,18.4,178,16.8,261,30.2,217,33.8,283,50.1,20,39,149,50,102,47.7,140,32.9,230,31.4,35,68.2,90,-2.6,84
116,South Carolina,SEC,34,14-20,106.6,138,101.2,106,.6469,116,46.5,294,49.2,147,21.3,320,20,58,39.4,7,33.9,285,45.7,49,56.9,346,42.6,343,49.4,197,37.8,51,32.6,73,67.2,144,-6.6,153
117,Rhode Island,A10,31,14-17,103.6,194,98.6,70,.6382,117,48.6,215,46.9,66,20.8,314,17.4,231,32.9,115,31.3,169,46.2,44,43,231,49.2,139,48.5,167,31.5,299,28.6,2,66.4,181,-6.2,145
118,Wyoming,MWC,31,16-15,104.9,171,99.9,89,.6368,118,52.7,40,46.2,44,16.9,73,16.6,276,18.1,351,31.6,191,45.6,51,32.8,36,53,20,45.6,63,34.9,142,31.6,46,61.1,346,-5.7,134
119,Indiana St.,MVC,32,21-11,105.6,156,101.0,104,.6269,119,50.4,128,49,136,17.2,87,17.6,221,27,299,28,33,43.3,88,43.7,249,49.8,111,47.3,120,34.3,172,35,208,66.7,162,-1.6,70
120,Delaware,CAA,35,25-10,110.7,66,106.0,202,.6237,120,50.4,128,49.4,153,13.4,4,16.8,261,29.1,249,32.8,249,43.9,76,38,120,49.5,124,49.6,206,34.7,152,32.7,80,72.3,9,-1.4,68
121,Northwestern,B10,33,14-19,98.8,276,94.7,23,.6206,121,46.1,314,45.9,36,17.3,98,16.4,286,22.5,348,30.6,136,35.5,296,38,120,46.1,271,45.3,54,30.6,321,31.5,40,62,340,-4.2,108
122,Boston College,ACC,31,7-24,114.5,27,109.8,266,.6180,122,52.1,63,52.1,282,17.4,105,15,336,27.1,296,35.1,316,44.5,66,41.5,201,51.7,47,50.3,236,35.1,129,37.9,317,63.2,321,-10,221
123,American,Pat,33,20-13,101.8,221,97.7,57,.6178,123,55.8,7,46.4,52,23.1,345,19.6,79,26.5,308,29.7,96,35,301,40.7,176,55.1,8,45.7,67,37.9,46,31.9,53,61.4,344,-5.5,131
124,Eastern Kentucky,OVC,32,22-10,112.1,51,107.5,226,.6177,124,56.7,4,55.7,342,15.8,34,24.2,3,23,346,34,288,43.2,91,54.9,343,55.7,5,56.7,346,38.6,26,35.8,256,66,203,-3.3,94
125,Utah St.,MWC,31,17-14,108.6,103,104.3,167,.6142,125,51.3,90,47.6,88,17.2,87,12.4,350,32.3,135,26.7,10,33.7,321,33.6,46,46.8,248,48.2,152,40.9,2,31.1,30,63.8,304,-5.3,127
126,San Diego,WCC,33,16-17,105.7,155,101.6,118,.6105,126,51,110,49.4,153,18.7,198,17.5,226,27.8,282,30.1,112,41.5,136,37.7,114,47.9,205,47.9,147,38,41,35,208,63.4,315,-7.5,161
127,Toledo,MAC,33,26-7,113.8,35,109.5,258,.6098,127,51,110,52.6,298,14.7,11,19.5,87,35.2,47,31.7,199,43.8,80,35.1,63,50.6,82,52,296,34.6,159,35.8,256,68.6,75,0.2,57
128,George Mason,A10,31,11-20,106.3,142,102.4,131,.6066,128,48.4,220,50.1,188,19.8,272,17.8,208,31.7,162,29.9,107,40.1,178,47.3,294,47,238,50,224,35.2,127,33.5,122,66.9,154,-9.4,203
129,Eastern Michigan,MAC,34,19-15,97.9,286,94.4,21,.6022,129,44.2,342,43.8,4,17.9,138,22.6,11,30.4,206,37.1,347,43,93,40.2,163,43.8,332,41.2,4,30,330,32,57,64.8,261,-6.1,140
130,Murray St.,OVC,32,21-11,109.1,93,105.3,186,.6017,130,53.7,27,49.4,153,18,144,17,251,31.7,162,31.3,169,45.9,47,35,61,52.2,38,49.8,217,37.6,55,32.2,63,67.5,126,-5.9,138
131,Columbia,Ivy,33,20-13,106.9,130,103.3,149,.5989,131,52.5,45,47.5,84,19.2,241,16.8,261,26.5,308,25.3,4,44,74,41.2,190,48.5,175,45.7,67,38.6,26,35,208,61.7,341,-5.5,132
132,Akron,MAC,34,21-13,105.0,168,101.7,120,.5896,132,50.3,134,47.9,105,19.8,272,19.5,87,34.8,57,32.4,233,40.4,168,36.1,83,49.3,137,47.1,117,34.6,159,33.5,122,65.7,219,-4.7,118
133,Ohio,MAC,36,24-12,106.0,147,102.8,139,.5862,133,52.4,47,46.2,44,19.1,238,18.3,168,27.4,290,30.1,112,34.3,312,41.5,201,52.3,32,45.7,67,35.1,129,31.5,40,65.9,209,-4.2,107
134,Houston,Amer,33,17-16,110.7,68,107.9,234,.5731,134,51.2,99,50.1,188,18.9,220,16.4,286,31.6,166,34,288,38.2,235,34.6,57,49.5,124,49,181,36.7,71,34.9,201,67.3,135,-4.5,113
135,Canisius,MAAC,33,21-12,111.8,57,109.0,254,.5713,135,52.7,40,50.9,226,16.5,59,19.6,79,31.8,157,36.3,339,38,244,35.3,65,49.9,107,51.4,275,38.6,26,33.4,118,67,150,-4,105
136,Drexel,CAA,30,16-14,103.9,189,101.5,114,.5666,136,46.6,290,47.2,76,12.9,3,17.1,243,28.9,259,29.7,96,39.2,204,46.6,288,46.4,263,47.6,137,31.4,304,30.8,23,64.1,289,-6.4,149
137,Colorado St.,MWC,30,14-16,110.0,81,107.5,229,.5663,137,46.2,310,51.5,253,14.1,6,16.8,261,34.7,59,27.7,24,47.6,37,37.4,111,45.7,282,48.4,165,31.6,292,38.2,322,66.7,161,-7.7,172
138,Wright St.,Horz,34,19-15,99.5,269,97.3,53,.5647,138,51.2,99,48.6,122,20.3,294,23.6,6,23.5,345,29,65,43,93,45,272,49.3,137,48.2,152,36.5,75,33,93,65.2,245,-8.1,178
139,Hawaii,BW,29,18-11,109.9,84,107.5,228,.5635,139,51.3,90,51,231,16.8,70,19.2,106,37.3,19,31.6,191,42.4,103,40.4,171,51.9,44,50.8,254,33.2,214,34.2,156,69,61,-6.3,147
140,Western Michigan,MAC,32,22-10,104.7,173,102.5,133,.5605,140,52,66,47.6,88,20.9,316,18.5,155,31,185,32,215,51.4,15,34.7,58,53.7,15,47.8,142,32.6,247,31.5,40,67,151,-2.9,90
141,IPFW,Sum,33,22-11,109.7,89,107.5,227,.5582,141,55.3,9,52.1,282,18.7,198,17.8,208,32.1,144,27.5,19,41.7,128,32.2,31,54,11,52,296,38.4,34,34.8,195,67.5,125,-4.3,111
142,Nevada,MWC,32,15-17,109.1,94,107.0,219,.5561,142,49.2,186,50,183,15.5,26,15.9,308,31.1,180,31.7,199,38.1,241,40.5,173,48.5,175,49.9,222,33.8,191,33.5,122,65.5,226,-7.5,163
143,Holy Cross,Pat,34,20-14,104.2,183,102.3,130,.5520,143,49,194,49.9,177,18.2,160,18.8,135,29.8,231,27.5,19,39.4,196,30.2,13,46.9,243,47,113,35.3,125,37.4,304,64.7,266,-6.4,148
144,South Dakota St.,Sum,29,16-13,105.2,162,103.4,151,.5497,144,49.6,166,51.3,246,17.9,138,16.3,295,30.4,206,22.1,1,43.7,84,38.4,130,48.9,152,50.3,236,33.9,186,35.5,239,67.5,121,-5.8,135
145,Duquesne,A10,30,13-17,109.9,83,108.1,238,.5468,145,50.6,120,53.3,314,16.2,49,17.6,221,29.9,224,28.9,61,42.2,114,33.6,46,48.5,175,49.6,206,36.3,83,39.3,343,68.5,80,-8,175
146,Illinois St.,MVC,33,17-16,101.3,228,99.7,83,.5453,146,46.9,279,48.8,127,18,144,20.2,51,26.9,302,30.5,127,40.7,158,42.3,218,47.5,216,46.2,84,30.8,315,35.4,233,68.5,81,-7,156
147,Southern Illinois,MVC,32,13-19,106.4,140,104.8,181,.5446,147,49.4,175,50.5,206,18.9,220,19.8,69,33.8,88,31.2,160,42.4,103,42.2,217,49.4,132,50.5,244,33,225,33.7,127,63.4,317,-11,247
148,Bucknell,Pat,30,16-14,102.7,206,101.2,107,.5434,148,48.9,196,47.9,105,16.8,70,14.4,346,29,254,24.4,2,31.7,339,31.8,27,44.6,321,46.5,92,39,17,33.9,142,64.7,269,-7.9,174
149,Pacific,WCC,33,17-16,108.4,106,106.9,217,.5415,149,50.3,134,52.9,306,18,144,17.3,237,31.2,176,26.8,11,40.6,160,52.7,333,48.4,178,49.7,213,36.2,87,38.7,333,67.7,110,-6.1,143
150,Towson,CAA,35,24-11,108.8,97,107.2,223,.5410,150,50.5,126,45.7,33,17.5,110,12.8,349,34.6,62,30.8,141,53.2,5,38.1,123,49.2,139,45.2,53,35.7,107,31.1,30,65.6,222,-3.4,95
151,Arkansas St.,SB,30,17-13,105.9,149,104.5,175,.5385,151,52.3,53,48.4,117,17.7,130,18.2,176,26.9,302,31.5,180,42.4,103,36.1,83,48.3,182,48.3,158,38.6,26,32.5,70,68.5,78,-7.3,158
152,USC,P12,31,10-21,102.8,202,101.5,113,.5373,152,47.8,246,48.9,131,19.6,260,15.7,319,30.6,197,32.2,225,42.3,108,38.7,141,49.7,114,49.2,189,28.5,342,32.1,60,70.3,27,-8.7,187
153,Denver,Sum,30,15-15,110.2,77,108.9,250,.5358,153,54.3,16,52.6,298,16.6,64,21,31,24.8,333,33.4,273,34.7,305,49.2,315,51.8,45,53.4,330,38.4,34,33.8,136,59.4,350,-7.6,168
154,Temple,Amer,31,9-22,109.7,88,108.6,248,.5300,154,48,238,52.6,298,15.1,20,15.9,308,32.3,135,33.9,285,31.7,339,37.2,105,46.8,248,52.1,301,33.8,191,35.9,261,68.2,89,-10.5,235
155,Virginia Tech,ACC,31,9-22,100.0,254,99.0,73,.5296,155,47.1,271,47,68,19.7,264,13,348,31.7,162,29.5,87,38.1,241,33.5,45,43.1,340,45.6,63,36.1,90,32.6,73,64.5,276,-10.1,223
156,Long Beach St.,BW,30,13-17,103.8,190,102.8,140,.5280,156,48.6,215,49.8,172,18.2,160,18.7,144,34.5,63,33.5,276,30.8,343,37.2,105,49.1,144,50,224,31.6,292,32.9,89,66.4,175,-7.9,173
157,Santa Clara,WCC,31,12-19,106.9,131,105.9,199,.5276,157,48.6,215,50.8,222,15.5,26,18,197,29,254,33.4,273,36.9,267,46.6,288,45.3,297,49.9,222,36.4,77,35.8,256,65.5,225,-10,222
158,Siena,MAAC,38,20-18,101.3,230,100.4,97,.5257,158,45.8,319,46.6,57,20.2,285,18.6,150,36.6,25,33.1,260,41.7,128,51.5,329,44.8,312,45.3,54,32.8,239,33,93,66.4,182,-9.7,212
159,Missouri St.,MVC,32,19-13,105.2,163,104.3,166,.5254,159,49.6,166,51.1,235,17,77,18.1,186,27.1,296,28.6,47,40.9,156,42.9,226,47.1,235,50.2,234,35.9,96,35.1,215,65.1,246,-3.3,93
160,UAB,CUSA,29,16-13,103.5,196,102.7,137,.5243,160,45.3,329,46.7,60,18.5,183,15.3,325,39.8,4,29.7,96,41.6,131,30.9,18,45.5,292,46.2,84,30,330,31.9,53,68.6,76,-6.6,152
161,UCF,Amer,29,11-18,106.7,136,105.9,201,.5216,161,49,194,51.9,273,20,277,17.2,241,38.1,11,33.1,260,38.2,235,36.6,95,49.1,144,51,262,32.6,247,36,263,67.9,105,-7.7,169
162,William & Mary,CAA,30,19-11,112.8,47,112.1,307,.5198,162,56.2,6,52.2,286,16.1,43,15.8,315,24.3,339,30.8,141,39.6,186,29.3,7,53,20,50.5,244,40.4,3,37.1,292,65.1,247,-5.3,125
163,Milwaukee,Horz,34,20-14,104.3,181,103.9,158,.5123,163,49.1,190,49.1,140,19.9,275,18.5,155,28.6,264,31.2,160,44.7,64,36.5,94,49.1,144,50.4,240,32.7,241,31,26,67.8,107,-6.1,142
164,Quinnipiac,MAAC,32,20-12,110.3,75,109.9,268,.5121,164,46.8,281,48,108,17.6,119,12,351,41.9,2,27.2,14,48.1,34,36.2,87,44.6,321,46.5,92,35.7,107,34.7,187,69.9,39,-4.9,119
165,Pepperdine,WCC,30,14-16,107.1,123,106.8,216,.5096,165,51.1,104,50,183,18.1,150,15.1,332,30.9,189,32.4,233,39,210,38.3,127,49.5,124,47.5,130,36.2,87,36.7,281,66.9,156,-7.5,162
166,Colgate,Pat,30,12-18,108.6,105,108.4,245,.5041,166,56.4,5,50.6,212,18.1,150,16.2,300,23.6,344,28.6,47,28.1,350,34.8,59,54,11,50.6,248,40.1,6,33.8,136,64.2,286,-12.1,255
167,Yale,Ivy,32,18-14,101.5,226,101.4,109,.5030,167,46.2,310,50.2,193,19.7,264,18.6,150,34,80,25.3,4,50.5,19,41,185,45.6,287,47.9,147,31.7,288,36.3,269,65.2,244,-6,139
168,Brown,Ivy,28,14-14,100.1,251,100.2,95,.4944,168,48.2,227,44.6,15,18.7,198,16.7,271,30.5,203,27.8,25,35.6,294,37.3,108,44.7,317,44.1,33,37.7,53,30.6,18,70.3,29,-7.6,165
169,Old Dominion,CUSA,36,18-18,100.2,250,100.4,98,.4938,169,47.7,248,47.8,97,20.4,301,19.7,73,33.2,105,29.5,87,39.3,199,44.6,265,47.2,229,45,50,32.6,247,35.8,256,64.2,287,-9.1,198
170,Albany,AE,34,19-15,102.8,204,103.1,146,.4900,170,48.8,203,48.3,116,19.7,264,18.3,168,31.9,153,28.4,42,42,117,29.1,6,47,238,46,78,36,94,34.9,201,63.2,319,-8.6,186
171,Charlotte,CUSA,31,17-14,102.0,215,102.4,132,.4892,171,49.7,163,49.2,147,21,318,17.4,231,33.8,88,29.7,96,39.5,189,36.1,83,48.2,192,49.2,189,35.6,114,32.8,84,69.6,45,-6.9,155
172,USC Upstate,ASun,32,17-15,104.2,182,104.6,178,.4891,172,50.5,126,47.6,88,18.3,170,18,197,34.5,63,30.8,141,38.9,212,38.6,136,52,43,45.1,52,31.8,285,34.2,156,65.8,215,-8.3,183
173,Stony Brook,AE,33,22-11,104.2,185,104.7,180,.4858,173,50,144,48.1,112,18.7,198,19,120,34,80,26.9,12,38.4,230,42.1,214,48.8,158,47.3,120,35.4,123,32.9,89,66.1,202,-5.2,124
174,Weber St.,BSky,29,17-12,106.0,148,106.6,214,.4831,174,54.1,20,47.8,97,19,232,13.8,347,28.4,269,28.7,54,49.7,21,35.1,63,51.1,64,47,113,39.4,12,33.7,127,64.3,283,-6.9,154
175,Western Kentucky,SB,31,19-12,101.0,238,101.6,115,.4829,175,47.6,253,48.5,120,20.2,285,18.9,127,34.3,69,28.1,37,41.9,120,43.1,236,45.8,278,46.8,105,33.5,201,35,208,66,206,-5.4,129
176,College of Charleston,CAA,31,13-18,98.7,277,99.3,77,.4826,176,47.3,264,45.5,31,20.3,294,15.1,332,34.8,57,27.9,29,34.4,309,43.1,236,44.9,310,43.4,17,34.5,164,34.2,156,62.6,331,-11.6,250
177,Valparaiso,Horz,31,15-16,102.5,211,103.2,147,.4797,177,51.4,86,46.1,43,22.6,342,16.1,301,32.7,122,31.1,154,45.8,48,43.9,253,50.7,76,43.8,26,35,136,34.1,149,65.4,240,-8.6,185
178,Nebraska Omaha,Sum,29,14-15,103.7,191,104.4,171,.4796,178,49.6,166,51.6,259,17.2,87,20.6,37,28.4,269,31.1,154,39.3,199,36.8,98,49.5,124,51.5,282,33.2,214,34.5,173,74.1,4,-8,177
179,DePaul,BE,33,12-21,105.3,160,106.5,212,.4664,179,47.6,253,53.9,325,19.7,264,19.1,115,33.8,88,32,215,42,117,46.7,290,46.3,266,52.9,321,33.6,197,37.4,304,67.6,116,-7.6,164
180,Robert Morris,NEC,36,22-14,104.6,178,105.9,200,.4652,180,50.4,128,51.8,266,17,77,19.1,115,30.9,189,31.6,191,36.6,273,38.4,130,46.5,258,52.7,313,38.5,33,33.5,122,66.2,195,-6.2,146
181,Loyola Marymount,WCC,31,12-19,104.7,172,106.0,203,.4652,181,47.1,271,52,278,17.3,98,19.7,73,32.4,131,36.2,337,36.4,277,43.1,236,48,197,50.8,254,29.8,334,36.5,277,70,37,-9.3,200
182,Oral Roberts,Slnd,31,15-16,107.6,120,108.9,251,.4644,182,50.4,128,48.8,127,17,77,16.3,295,32.9,115,30.8,141,41.9,120,42.8,225,49.4,132,46.1,82,35.8,101,37.3,299,64.9,258,-8.9,195
183,Youngstown St.,Horz,29,12-17,107.0,128,108.4,243,.4626,183,52.2,59,52.2,286,16.1,43,18.6,150,25,327,30.5,127,40,179,41.2,190,52.3,32,51.7,287,34.7,152,35.5,239,68,99,-10.3,230
184,Rutgers,Amer,32,11-21,104.7,176,106.2,208,.4601,184,47,276,51.4,251,18.2,160,17.8,208,32.5,129,32.9,251,36.6,273,45,272,46,274,49.1,184,32.9,230,37.4,304,68.5,79,-9.9,220
185,Washington St.,P12,30,9-21,101.1,237,102.6,135,.4564,185,46.9,279,51.5,253,18,144,17.5,226,27.7,284,27.9,29,37.2,257,44.7,268,45.2,301,49.6,206,32.7,241,36.9,285,62.3,337,-9.3,201
186,Drake,MVC,30,14-16,104.2,184,105.8,195,.4556,186,52.1,63,51.2,239,18.8,211,16.9,257,26.8,305,27.1,13,38.2,235,38.6,136,47.4,219,50.9,259,39.7,7,34.5,173,64.7,265,-8.3,182
187,Florida Gulf Coast,ASun,33,20-13,99.2,271,100.8,102,.4533,187,51.1,104,47.7,93,19.2,241,18.6,150,30,221,28.6,47,36,288,35.4,69,52.5,30,45.8,71,31.9,280,34.2,156,67.8,108,-7.4,160
188,Oakland,Horz,31,11-20,109.0,95,111.0,286,.4495,188,50.2,138,57.1,349,16.1,43,19.7,73,25,327,30.4,122,37.7,251,42.9,226,47,238,55.8,345,36.6,74,39.3,343,68.6,73,-10.7,239
189,Mississippi St.,SEC,33,14-19,100.7,243,102.5,134,.4468,189,48.5,218,51.1,235,20.2,285,20.3,46,28.6,264,31.5,180,43.3,88,33,39,49.5,124,52.3,305,30.7,319,32.6,73,68.4,86,-9,197
190,Evansville,MVC,31,12-19,103.6,193,105.9,198,.4398,190,49.8,159,51.1,235,19.2,241,18.1,186,26.5,308,32.3,229,49.1,28,37.7,114,48.9,152,49.7,213,35.3,125,35.7,252,67.4,129,-10.6,236
191,Sam Houston St.,Slnd,33,22-11,105.1,166,107.4,224,.4386,191,51.7,73,50.4,202,18.9,220,20.6,37,33.5,95,31.7,199,52.1,9,49.9,319,48.9,152,49.5,203,38.2,36,35.1,215,66,204,-5.3,128
192,Elon,SC,29,16-13,104.1,187,106.4,209,.4369,192,52.3,53,49,136,17.6,119,16.8,261,26.9,302,31.8,206,35.8,289,40.6,175,50.9,70,48.6,171,36.3,83,33.3,113,66.4,176,-7.7,171
193,Cal Poly,BW,32,12-20,102.0,216,104.4,169,.4356,193,46,316,49.3,150,14.7,11,18.1,186,30.9,189,33.2,266,33.2,328,42.9,226,44.2,327,48.6,171,33,225,33.8,136,60.4,347,-10.7,241
194,Southern,SWAC,29,16-13,97.2,295,99.4,79,.4343,194,49.3,181,42.8,3,20.5,306,18.3,168,32,149,30.1,112,39.3,199,53.7,338,48.2,192,41.4,5,34.6,159,30.5,15,67.6,115,-7.3,157
195,Northwestern St.,Slnd,29,15-14,107.1,127,109.8,262,.4294,195,51.3,90,52.1,282,17,77,20,58,32.6,126,36.1,334,39.8,181,42.9,226,51.4,56,51,262,34,181,36.2,267,75.8,1,-7.4,159
196,Morehead St.,OVC,32,18-14,101.9,219,104.5,173,.4275,196,49.3,181,51,231,22.1,334,20.6,37,38.1,11,27.5,19,53.2,5,52.3,330,51.1,64,50.6,248,30.4,325,34.6,183,69.6,49,-6.5,150
197,Wofford,SC,30,17-13,99.7,266,102.2,128,.4275,197,48.8,203,49.5,162,16.4,56,19.7,73,30.9,189,29,65,33,329,39.4,153,47.4,219,49.6,206,34.6,159,32.9,89,62.1,339,-6.5,151
198,VMI,BSth,31,18-13,107.3,122,110.1,275,.4271,198,49.9,149,49.9,177,13.6,5,15.6,320,31.3,173,32.9,251,34.5,307,36.8,98,51.2,62,49.4,197,31.8,285,34,144,75.1,2,-8,176
199,Fordham,A10,31,10-21,108.0,114,110.9,285,.4232,199,45,335,52.5,293,16.4,56,18,197,35.4,40,35.6,325,33.4,326,42.3,218,44.5,325,51.9,295,30.6,321,35.7,252,69.3,57,-10.3,229
200,Detroit,Horz,30,11-19,100.7,242,103.5,152,.4216,200,45.8,319,50.1,188,18.5,183,19.5,87,32.6,126,30.5,127,38.5,228,50.3,324,45.7,282,47.9,147,30.8,315,36.1,265,68,98,-11.8,252
201,Wagner,NEC,29,17-12,97.3,292,100.1,92,.4200,201,46.2,310,44.3,8,18.1,150,18.9,127,34.4,67,31.7,199,37,264,44.2,260,44.9,310,43.9,28,33.1,220,30.1,9,68.3,88,-7.6,166
202,Kent St.,MAC,31,15-16,103.1,200,106.1,205,.4193,202,49.4,175,48.9,131,18.3,170,19.6,79,30.4,206,31.5,180,37,264,47.6,299,47.3,223,47.6,137,35.1,129,34.5,173,66.6,171,-10.1,224
203,South Florida,Amer,32,12-20,101.2,234,104.2,164,.4167,203,46.2,310,49.7,168,19.2,241,17.5,226,31.6,166,31.8,206,43.8,80,33.9,51,48.3,182,47.3,120,25.8,351,37,288,65.9,213,-9.6,210
204,St. Francis NY,NEC,31,17-14,98.3,281,101.4,110,.4108,204,48.2,227,45.9,36,19.4,252,18.2,176,33.2,105,29.1,72,36.1,284,43.7,249,48.7,165,44.2,34,31.5,299,33.8,136,67,152,-8.7,188
205,TCU,B12,30,8-22,99.5,268,102.7,138,.4104,205,44.6,340,50.3,198,17.6,119,18.9,127,24.6,335,39,351,44.8,59,35.4,69,43.3,338,49.8,217,31.9,280,34.3,165,65.9,214,-8.8,191
206,Bradley,MVC,32,12-20,100.0,253,103.3,150,.4081,206,46.4,301,50,183,18.7,198,20.2,51,32.3,135,31.1,154,36.5,276,43.4,244,45.7,282,50.7,252,32.2,271,32.6,73,64.5,278,-12.6,264
207,Miami OH,MAC,30,13-17,98.6,279,102.0,127,.4017,207,48.3,222,53.8,323,20.2,285,21.7,17,24.5,336,29.5,87,34.8,303,33.3,42,49.7,114,52.4,309,30,330,37.3,299,66.8,159,-10.2,226
208,Northern Illinois,MAC,31,14-17,94.1,325,97.4,54,.4016,208,42.6,350,46.7,60,22.9,343,20.8,35,35.9,33,31,152,50.6,18,47.1,292,43.2,339,47.3,120,27.6,348,30.5,15,63.2,320,-10.6,237
209,Bryant,NEC,31,17-14,104.7,174,108.4,244,.4008,209,52.5,45,50,183,18.1,150,18,197,29,254,34,288,37.1,259,32.8,36,53.8,13,47.5,130,33.2,214,36.4,272,67.6,113,-8.2,180
210,Mount St. Mary's,NEC,33,16-17,107.1,126,111.0,288,.3986,210,51.5,82,53.5,319,16.7,67,18.8,135,27.8,282,33,255,36.7,270,34.5,56,50.2,97,54.6,341,35.5,119,33.4,118,69.9,38,-9.4,206
211,East Carolina,CUSA,30,13-17,106.4,141,110.3,277,.3980,211,51.3,90,51.9,273,18.3,170,18.1,186,29.3,242,35.4,321,41.6,131,31.9,28,48.3,182,54.1,334,36.7,71,31.9,53,65.5,228,-9.9,218
212,Coastal Carolina,BSth,31,18-13,98.3,280,102.0,126,.3946,212,48,238,47.5,84,20.2,285,18.3,168,34.2,73,29.3,80,38.6,227,39.6,156,47.6,214,46.7,101,32.6,247,32.4,66,67.5,122,-7.7,170
213,UNC Asheville,BSth,29,14-15,106.8,134,110.8,284,.3939,213,51.4,86,51.2,239,19.3,249,16.8,261,33.6,93,34.2,294,43.4,86,41.3,194,48.7,165,49.2,189,38.1,37,36.9,285,70.3,28,-9.8,216
214,Northeastern,CAA,32,11-21,100.6,245,104.5,172,.3922,214,48,238,50.8,222,20,277,17.1,243,32.7,122,29.7,96,44.4,68,33.4,43,47.7,212,48.7,174,32.4,263,37.1,292,65.1,251,-13.6,279
215,Charleston Southern,BSth,27,9-18,105.6,157,109.7,261,.3910,215,51.3,90,51.9,273,16.1,43,16.9,257,29.9,224,29.6,92,34.8,303,38.3,127,48.3,182,47.4,127,37,64,40.2,347,67.5,118,-12.7,269
216,Eastern Washington,BSky,29,13-16,105.9,150,110.4,279,.3826,216,51.9,67,50.4,202,17.5,110,14.8,342,29.9,224,30.2,116,40.4,168,41.9,207,49.5,124,49.4,197,37.2,59,35,208,71,18,-10.7,242
217,South Alabama,SB,28,8-20,102.7,205,107.1,221,.3814,217,46.3,305,49.1,140,18.5,183,16.4,286,31.6,166,31.4,176,36.4,277,40.8,179,43.8,332,47.7,140,33.3,209,34.8,195,66.1,200,-13.3,276
218,Montana,BSky,28,15-13,106.8,133,111.5,296,.3799,218,54.7,12,52.8,303,15.9,38,18.4,162,24.7,334,34.5,301,42.3,108,45.6,281,54.1,10,52.4,309,37,64,35.7,252,61.6,342,-8.8,194
219,UT Arlington,SB,29,13-16,104.4,180,109.1,255,.3779,219,49.9,149,51.6,259,18.9,220,17.1,243,31.3,173,31.8,206,43.3,88,42.7,224,48.8,158,48.4,165,34.4,168,37.6,309,69.7,42,-9.2,199
220,Utah Valley,WAC,30,18-12,101.5,224,106.1,207,.3745,220,48.8,203,49.5,162,17.2,87,15.8,315,27.7,284,28.8,58,38.7,222,35.4,69,48,197,49.6,206,33.5,201,32.8,84,62.8,329,-5.9,137
221,Army,Pat,30,14-16,104.7,174,109.7,260,.3690,221,51.1,104,52.4,290,18.9,220,19.9,64,32,149,33.5,276,32.6,333,35.3,65,51.4,56,49.7,213,33.8,191,39,338,68.9,65,-10.6,238
222,North Texas,CUSA,30,14-16,99.7,264,104.5,175,.3685,222,46.5,294,48.9,131,18.1,150,17.6,221,29.2,245,30.5,127,41.3,142,42.5,221,44.8,312,47,113,34.2,173,35.5,239,69.1,60,-9.5,207
223,Marshall,CUSA,31,9-22,99.8,260,104.7,179,.3679,223,46.6,290,50.3,198,18.9,220,19.5,87,32.8,119,34.5,301,42.4,103,43.5,247,48,197,51.1,268,29.1,341,32.4,66,68.9,64,-15.1,298
224,Gardner Webb,BSth,30,15-15,99.7,265,104.6,177,.3651,224,47.6,253,50.8,222,17.9,138,20,58,33.2,105,31.5,180,41.2,144,38.7,141,47.2,229,51.2,272,32.5,257,33.2,103,66.8,160,-9.9,217
225,Marist,MAAC,31,12-19,100.4,247,105.4,189,.3640,225,46.6,290,50.6,212,18.1,150,19.5,87,29.7,233,33,255,40.3,171,38.3,127,43.9,330,47.5,130,34.7,152,38.2,322,66.3,189,-12.2,257
226,Loyola Chicago,MVC,31,9-22,102.3,213,107.5,230,.3614,226,51.9,67,51.2,239,20.7,313,18.1,186,26.8,305,31.5,180,38,244,42.1,214,51.6,50,51,262,35,136,34.5,173,63.7,307,-15.4,305
227,High Point,BSth,29,14-15,105.8,153,111.3,294,.3588,227,52.2,59,53.7,321,18.3,170,18,197,30.3,213,33.3,269,32.4,335,35,61,49.7,114,54.3,336,38.6,26,35,208,64.6,271,-8.8,193
228,Southeast Missouri St.,OVC,30,16-14,107.5,121,113.2,324,.3552,228,55.1,11,51.8,266,18.5,183,15.9,308,32.3,135,29,65,39.5,189,43,231,55.9,3,49.2,189,35.6,114,37.6,309,70.6,23,-9.5,208
229,Arkansas Little Rock,SB,30,13-17,100.0,255,105.4,188,.3522,229,46,316,49.9,177,19,232,18.3,168,31.3,173,30.4,122,41.5,136,50.2,323,45.8,278,48.3,158,31.1,309,34.9,201,68.4,82,-9.4,202
230,Morgan St.,MEAC,31,15-16,99.8,261,105.3,187,.3509,230,46.5,294,48.6,122,18.4,178,19.8,69,36.1,31,34,288,41.5,136,44.7,268,49.5,124,46.6,97,26.1,350,35.6,246,69.6,46,-10.1,225
231,Rider,MAAC,31,14-17,105.2,161,111.1,289,.3496,231,50.6,120,53.9,325,19,232,19.2,106,31.2,176,31.6,191,45.7,49,43.8,251,45.7,282,51.7,287,39.7,7,38.5,330,67.1,145,-10.5,234
232,Bowling Green,MAC,31,11-20,92.0,342,97.1,52,.3495,232,45.5,326,47.3,80,22.1,334,20.5,42,30.4,206,31.2,160,36.3,280,38.5,133,46.4,263,44.3,36,28.3,343,35.6,246,66.6,168,-12.7,268
233,Winthrop,BSth,30,17-13,103.2,198,108.9,252,.3487,233,50.9,112,52.5,293,18.6,191,19.9,64,28.9,259,30,110,41,153,45.1,275,46.2,269,51.5,282,39.3,14,36.4,272,66.2,194,-8.2,181
234,Florida Atlantic,CUSA,30,8-22,101.2,235,106.9,218,.3470,234,47.7,248,47.7,93,19.5,257,16.7,271,33.3,103,34,288,36.2,283,41.4,197,46.9,243,46.6,97,32.7,241,33.7,127,65,254,-15.1,299
235,Hampton,MEAC,30,17-13,95.5,311,101.0,105,.3454,235,46.4,301,45.1,22,20.2,285,22.1,13,32.9,115,35.1,316,50.9,16,53.6,336,46,274,41.6,6,31.6,292,35.4,233,71.4,16,-8.4,184
236,FIU,CUSA,28,13-15,100.8,241,106.6,213,.3441,236,48.5,218,49.4,153,20.4,301,18.2,176,33.2,105,33.7,280,42.9,97,37.5,113,49.1,144,49,181,31.3,308,33.5,122,66.7,167,-8.8,190
237,Cal St. Bakersfield,WAC,31,12-19,100.0,252,105.8,196,.3430,237,49.5,172,49,136,21,318,19,120,34.3,69,31.5,180,38.7,222,52.5,332,45.4,294,50,224,38.6,26,31.4,35,65.4,234,-14.3,290
238,Lafayette,Pat,30,10-20,108.7,101,115.2,333,.3382,238,53.7,27,54.3,333,18.9,220,17.7,216,27.4,290,33.7,280,33.3,327,35.8,79,50.6,82,53.4,330,39.7,7,37.2,296,66.3,186,-13.7,282
239,Air Force,MWC,28,10-18,98.9,275,104.9,182,.3360,239,49.5,172,50.9,226,20.5,306,17.8,208,26.4,312,30.2,116,37.1,259,43.9,253,49.6,122,51.1,268,32.9,230,33.7,127,65.5,224,-10.7,240
240,Radford,BSth,32,19-13,107.1,123,113.7,326,.3359,240,51.9,67,52.4,290,15.8,34,17.5,226,31.5,170,31.5,180,40.4,168,39,149,51.3,58,50.4,240,35.7,107,38.3,326,67.8,106,-8.1,179
241,Sacramento St.,BSky,28,12-16,104.0,188,110.4,281,.3345,241,50.9,112,52.7,301,17.6,119,18.1,186,29.9,224,31.1,154,35.1,299,48.5,307,48.8,158,53,324,37,64,34.9,201,64.3,285,-12.1,256
242,Texas A&M Corpus Chris,Slnd,32,17-15,103.4,197,109.8,263,.3337,242,51.8,71,50.9,226,19.2,241,18.5,155,34.3,69,32.3,229,43.9,76,45.3,276,50.6,82,50.8,254,37.2,59,34,144,62.2,338,-9.4,205
243,Cal St. Northridge,BW,33,15-18,105.1,165,111.7,301,.3323,243,48.9,196,52.1,282,18.2,160,17.3,237,33,113,31.2,160,48.8,29,41.9,207,47.3,223,52.3,305,36.4,77,34.6,183,68.9,63,-12.3,258
244,Hartford,AE,33,17-16,101.2,232,107.6,231,.3317,244,54.2,17,51.3,246,21.7,328,20.4,44,24,340,32,215,38.9,212,41.3,194,52.4,31,51.2,272,37.6,55,34.3,165,63.8,302,-10.8,246
245,Texas Southern,SWAC,33,18-15,106.1,145,112.9,319,.3293,245,51.7,73,50.2,193,19.3,249,15.8,315,33.6,93,31.2,160,49.3,25,29.8,9,50.7,76,48.9,180,35.8,101,35.6,246,67.6,114,-9.7,211
246,Norfolk St.,MEAC,31,16-15,101.9,220,108.5,247,.3252,246,50.1,141,49.4,153,20.4,301,19.1,115,36.8,24,32.7,243,38.4,230,44.6,265,49.5,124,47.8,142,34.4,168,34.7,187,64.4,280,-9.5,209
247,Seattle,WAC,28,11-17,99.6,267,106.1,206,.3248,247,48.7,210,49.1,140,20.1,281,18.3,168,36.4,28,31.2,160,33.8,319,48,304,47.1,235,47.5,130,34.2,173,34.8,195,67.2,138,-12.4,262
248,Saint Peter's,MAAC,31,14-17,97.7,287,104.1,163,.3230,248,45.7,322,47.6,88,18.7,198,18.1,186,30.9,189,31.6,191,42.1,116,40.9,183,45,306,46.5,92,31.6,292,33.3,113,62.5,335,-11.1,248
249,Grand Canyon,WAC,27,12-15,104.5,179,111.5,299,.3214,249,49.2,186,49.8,172,18.9,220,14.5,345,27.4,290,29.2,77,52.1,9,40,160,47,238,48.5,167,35.1,129,35.4,233,67.1,148,-8.7,189
250,Illinois Chicago,Horz,29,4-25,101.3,231,108.1,236,.3208,250,46.1,314,53.1,308,19,232,16.6,276,30.4,206,28.1,37,39.2,204,49.9,319,44.8,312,51.4,275,32.6,247,37.8,315,66.4,179,-18.3,335
251,Northern Colorado,BSky,30,16-14,108.3,111,115.5,336,.3208,251,53.9,24,54.1,329,17.2,87,19,120,33.4,99,30.9,149,37.6,253,40.7,176,52.7,25,52.7,313,37.9,46,37.9,317,64.4,281,-8.8,192
252,Idaho,WAC,33,15-18,104.9,170,112.0,306,.3201,252,50.3,134,51.5,253,16.9,73,15.1,332,30.7,194,30.8,141,44.8,59,41.2,190,48.7,165,52,296,35.6,114,33.7,127,67.3,130,-12.6,266
253,Hofstra,CAA,33,10-23,105.0,167,112.2,308,.3189,253,48.4,220,51.9,273,18.8,211,15.3,325,35.5,37,30.9,149,45.1,56,41.2,190,47.2,229,49.4,197,33.4,207,37.7,311,65.5,230,-16,316
254,East Tennessee St.,ASun,34,18-16,102.8,203,109.8,267,.3181,254,49.3,181,50.7,218,16.3,53,19.6,79,27.4,290,32.2,225,42.8,99,42,211,46.4,263,51.4,275,36.1,90,33,93,70.2,32,-10.7,244
255,Troy,SB,29,9-20,101.4,227,108.4,242,.3167,255,47.5,258,50.5,206,18.8,211,17.9,204,32.8,119,32.3,229,43.9,76,30.6,15,45.4,294,51.4,275,33.9,186,32.5,70,65.1,249,-14.2,289
256,Fairfield,MAAC,32,7-25,96.3,302,103.2,148,.3118,256,46,316,47.1,73,21.8,329,16.6,276,30.5,203,29.1,72,34.6,306,58.6,350,43.6,335,45.3,54,33.3,209,34.6,183,66.4,180,-17.5,326
257,Penn,Ivy,28,8-20,98.6,278,105.7,192,.3087,257,49.7,163,48.9,131,22.9,343,18.2,176,28.6,264,34.5,301,39.1,207,49.5,317,50.3,95,44.4,41,32.1,273,38.3,326,70.1,35,-12.9,273
258,Tennessee Tech,OVC,31,15-16,100.3,249,107.6,232,.3079,258,50,144,51.5,253,22.4,339,19.5,87,35.5,37,31.6,191,46.1,45,54.3,339,50.5,90,50.5,244,32.6,247,35.6,246,68.1,95,-10.7,243
259,Western Carolina,SC,31,16-15,102.5,210,110.0,273,.3062,259,48.2,227,50.5,206,17.8,131,19.8,69,35.4,40,32.7,243,36.8,269,58,349,46.1,271,50.8,254,34.9,142,33.2,103,67.7,111,-9.9,219
260,Lehigh,Pat,32,14-18,96.8,298,104.0,162,.3049,260,48.8,203,48.1,112,18,144,16.8,261,26.1,315,32.4,233,32.7,331,31.1,20,46.5,258,46.7,101,35.9,96,34,144,66.2,193,-11.5,249
261,Louisiana Monroe,SB,26,9-17,96.5,301,103.9,160,.2990,261,47,276,49.2,147,19.7,264,16.5,284,30.3,213,31.3,169,35.5,296,38.2,126,47,238,48.8,175,31.4,304,33.3,113,63.4,314,-10.2,227
262,Dartmouth,Ivy,26,10-16,102.0,217,109.9,268,.2987,262,49.2,186,51.8,266,18.8,211,19.6,79,31.6,166,27.2,14,36.3,280,49.9,319,45.7,282,49.6,206,38.1,37,37.4,304,64.2,288,-10.4,233
263,Cal St. Fullerton,BW,31,11-20,99.9,256,108.0,235,.2907,263,48.1,234,50.7,218,17.8,131,17,251,29.1,249,29.1,72,38.1,241,45.9,283,47.3,223,50.6,248,33.1,220,34,144,67.3,133,-13.8,285
264,Texas St.,SB,29,6-23,94.8,318,102.6,136,.2870,264,47.5,258,51.9,273,21.5,325,19.2,106,29.7,233,28.9,61,33.6,323,43.4,244,48,197,47.9,147,30.7,319,40,345,63.1,322,-16.5,320
265,North Dakota,BSky,32,15-17,103.7,192,112.5,311,.2819,265,49.9,149,55.4,340,16.4,56,20.9,33,30.7,194,31.7,199,41.6,131,48.4,306,50.8,73,55.2,342,32,277,37.3,299,69.7,43,-10.7,245
266,James Madison,CAA,31,11-20,98.1,282,106.5,210,.2814,266,45.7,322,49.1,140,18.8,211,18.4,162,29.7,233,31.8,206,47.4,39,44.4,263,48.2,192,46.8,105,27.3,349,35.1,215,65.5,227,-13.5,278
267,UNC Wilmington,CAA,30,7-23,95.7,309,103.8,157,.2809,267,44,345,50.4,202,17.6,119,17.3,237,31.4,171,34.2,294,32.3,336,41.9,207,44.6,321,49.7,213,28.3,343,34.4,170,64.4,282,-15.9,313
268,Lipscomb,ASun,29,14-15,102.5,209,111.3,293,.2803,268,51.3,90,54.2,332,17.5,110,20.1,55,25.8,321,31.5,180,47.9,36,48.7,309,49.7,114,55.2,342,35.5,119,35.1,215,70.4,25,-9.8,215
269,Idaho St.,BSky,27,9-18,103.1,199,112.0,304,.2793,269,49.4,175,53.9,325,18.9,220,19.2,106,35.4,40,31.8,206,45.4,53,35.3,65,47.8,209,50.7,252,35.6,114,38.7,333,64.6,272,-13.4,277
270,Northern Arizona,BSky,31,14-17,99.9,258,108.5,246,.2788,270,49.9,149,53,307,19.6,260,18.4,162,33.1,109,28,33,34.3,312,40.1,162,48.9,152,49.3,195,35,136,40.1,346,64.1,292,-12,253
271,South Dakota,Sum,27,9-18,100.4,248,109.3,256,.2746,271,48.7,210,51.6,259,18.9,220,15.9,308,25.7,323,30.5,127,39.8,181,37.8,117,46.7,253,47.8,142,35.2,127,39.2,341,67.3,132,-11.8,251
272,North Florida,ASun,30,14-16,101.8,222,110.8,283,.2733,272,49.4,175,51.3,246,21.9,331,15.5,322,34,80,31.1,154,40.5,166,40.2,163,47.4,219,50.1,233,35.4,123,36.3,269,68.8,71,-8.9,196
273,Monmouth,MAAC,32,11-21,95.7,310,104.4,170,.2685,273,46.8,281,51.2,239,20.5,306,21.3,24,33.7,92,30.9,149,40.6,160,48.6,308,45.4,294,50,224,33.6,197,35.3,227,68.3,87,-14.7,294
274,Niagara,MAAC,33,7-26,100.5,246,110.2,276,.2592,274,47.2,267,54.7,337,18.5,183,20.2,51,32.1,144,34.5,301,48.6,30,50.6,325,48,197,53.3,327,30,330,38.4,329,72.4,8,-19.3,341
275,Austin Peay,OVC,28,10-18,100.6,244,110.4,280,.2559,275,52.6,44,53.3,314,21.4,323,19.9,64,29.6,237,35.1,316,49.3,25,34.9,60,53.5,18,52.7,313,33.5,201,36.2,267,70.9,19,-13.8,284
276,Western Illinois,Sum,27,7-20,93.9,328,103.1,145,.2545,276,49.1,190,48.6,122,21.6,327,18.7,144,24.9,330,28.6,47,38.9,212,47.1,292,48.3,182,46.9,110,34,181,34.8,195,62.6,333,-14.4,291
277,Portland St.,BSky,30,15-15,101.5,225,111.5,298,.2540,277,51.7,73,53.3,314,17.1,83,19.5,87,26.3,314,32.5,238,39.6,186,41.5,201,50.5,90,52.9,321,36.1,90,36.4,272,66.5,174,-10.4,232
278,Chattanooga,SC,30,15-15,99.9,259,109.8,265,.2511,278,47.4,260,51.5,253,18.9,220,17.9,204,34.1,75,32.4,233,44.6,65,36.1,83,46.7,253,51.7,287,32.5,257,34,144,68.8,66,-9.7,213
279,Central Michigan,MAC,29,8-21,106.1,146,116.8,340,.2493,279,49.3,181,57,348,16.5,59,19.5,87,29,254,32.1,222,37.1,259,39.7,157,50.8,73,58.3,350,31.6,292,36.5,277,65.6,221,-15.8,312
280,Incarnate Word,Slnd,15,9-6,101.3,229,111.5,300,.2483,280,52.3,53,51,231,18.4,178,19.5,87,31.2,176,30,110,41.3,142,41.5,201,50.6,82,46.2,84,37.1,61,41.9,351,69.6,44,-4.5,112
281,UMKC,WAC,29,10-19,97.5,288,107.4,225,.2462,281,48.2,227,52.5,293,18.3,170,19.3,99,25.7,323,31.2,160,40.9,156,43.3,242,49.4,132,52.7,313,30.5,323,34.7,187,70.3,30,-12.9,272
282,Liberty,BSth,29,8-21,101.5,223,111.9,303,.2455,282,49.9,149,51,231,20.5,306,15.1,332,38,15,29.9,107,34.5,307,38.1,123,48.4,178,50,224,35.7,107,35,208,64.6,273,-16.7,323
283,Savannah St.,MEAC,30,11-19,91.3,345,100.8,103,.2425,283,46.3,305,45.4,27,23.9,349,21.4,22,31.8,157,35,315,38.9,212,49,312,46.3,266,45.4,58,30.8,315,30.3,12,64.9,256,-12.5,263
284,Tulane,CUSA,33,16-17,99.1,273,110.0,271,.2321,284,47.4,260,50.7,218,20.1,281,16.6,276,30.1,220,31.8,206,49.5,23,40.7,176,44.6,321,49.3,195,35.1,129,35.4,233,63.5,310,-9.7,214
285,Rice,CUSA,28,5-23,95.1,317,105.8,194,.2266,285,48.2,227,49.5,162,19.6,260,16.8,261,21.3,350,30.5,127,31.9,338,46.4,286,47.9,205,48.3,158,32.4,263,34.7,187,64.1,291,-16.3,318
286,UC Riverside,BW,29,8-21,96.9,297,108.4,241,.2165,286,46.5,294,49.3,150,19.4,252,17.4,231,29.3,242,30.7,138,41.8,124,43,231,47.2,229,45.9,74,29.7,335,38.2,322,67.7,109,-15.7,307
287,Chicago St.,WAC,30,11-19,97.4,290,109.0,253,.2150,287,46.8,281,52.5,293,17.1,83,22.1,13,27,299,37,346,33.8,319,53.6,336,45.1,303,52.1,301,33.3,209,35.5,239,69.5,51,-12.6,265
288,Ball St.,MAC,28,3-25,96.7,299,108.3,240,.2137,288,46.6,290,51.5,253,25,351,16.3,295,34,80,30.4,122,42.6,101,45.4,277,46.3,266,52.3,305,31.5,299,33.1,101,67.4,127,-17.9,329
289,Fairleigh Dickinson,NEC,29,9-20,100.8,239,113.0,322,.2119,289,47.7,248,51.2,239,17.6,119,18.4,162,30.3,213,38.1,349,35.7,291,47.8,301,45,306,49,181,35,136,37,288,66.6,170,-14,287
290,Eastern Illinois,OVC,27,9-18,99.0,274,111.1,291,.2087,290,48.7,210,53.6,320,20.1,281,17.8,208,30.6,197,30.7,138,41.8,124,45.7,282,48.7,165,50.3,236,32.5,257,40.3,348,65.6,220,-13.7,281
291,Georgia Southern,SC,31,12-19,97.9,285,110.1,274,.2072,291,48.8,203,51.8,266,17.9,138,18.1,186,30.3,213,30.3,120,36.9,267,32.8,36,48.4,178,51.5,282,33,225,34.9,201,66.7,166,-14.5,292
292,UT Rio Grande Valley,WAC,31,8-23,93.9,332,105.7,193,.2029,292,45.3,329,50.8,222,17.8,131,21.1,29,29.2,245,34.6,308,35.8,289,46.4,286,46.7,253,51.3,274,27.9,347,33.2,103,66.1,199,-18.1,331
293,Loyola MD,Pat,28,9-19,96.1,304,108.3,239,.2022,293,44.9,337,52.8,303,18.3,170,20.9,33,30.5,203,35.4,321,41.1,149,40.3,169,44.1,329,48.3,158,31.5,299,41.5,350,66.4,184,-12.9,271
294,SIU Edwardsville,OVC,29,9-20,99.9,257,112.7,316,.1998,294,52.3,53,55.5,341,20.1,281,19.5,87,29.2,245,33.2,266,37.9,248,40.8,179,50.6,82,57.7,348,37.1,61,33.9,142,67.5,119,-15.5,306
295,UTSA,CUSA,27,6-21,100.8,240,113.9,328,.1971,295,47.9,243,54.9,339,23.2,346,17.1,243,34.5,63,33.1,260,51.5,13,44,258,46.6,256,54.3,336,33.4,207,37.3,299,68.6,77,-14.9,297
296,Navy,Pat,29,8-21,93.7,333,106.0,204,.1943,296,45.8,319,51.2,239,20,277,20.8,35,29.7,233,29.8,103,29.4,348,43.2,240,43.7,334,49.8,217,32.9,230,35.7,252,63.6,309,-15.8,310
297,Jacksonville,ASun,28,10-18,102.9,201,116.6,339,.1927,297,48.9,196,55.7,342,19.4,252,18.9,127,32.7,122,35.2,319,42.2,114,38.9,148,48.3,182,54.2,335,33.5,201,39,338,69.7,41,-12.8,270
298,Coppin St.,MEAC,31,11-20,99.5,270,112.7,315,.1924,298,45.3,329,53.1,308,17.2,87,19.3,99,30.2,217,36.8,344,40.2,175,35.8,79,43.1,340,53.1,326,32.4,263,35.4,233,68.1,96,-13.8,283
299,UC Davis,BW,29,7-22,101.9,218,115.6,337,.1899,299,49.9,149,55.8,345,17.3,98,18.3,168,23.9,342,35.6,325,37.2,257,38.8,147,48.3,182,54.4,338,34.9,142,39.2,341,67,153,-16.4,319
300,Tennessee St.,OVC,29,4-25,99.8,262,113.4,325,.1872,300,47.1,271,52.3,288,18.4,178,16.6,276,31.9,153,33,255,43,93,51.4,328,48.4,178,52.8,319,29.4,337,34.1,149,65.5,232,-18.2,334
301,San Jose St.,MWC,29,5-24,92.8,338,105.6,191,.1851,301,44.7,338,50,183,20.3,294,14.9,339,28.1,275,30.5,127,33,329,45.9,283,40.7,349,48.5,167,32.8,239,35.2,221,66.3,187,-15.3,303
302,Northern Kentucky,ASun,30,9-21,102.5,208,117.0,341,.1797,302,50.6,120,53.3,314,17.8,131,16.8,261,28.4,269,32.2,225,35.7,291,48.8,311,49.4,132,51.7,287,34.9,142,37.7,311,63.4,316,-16.1,317
303,Nicholls St.,Slnd,28,13-15,97.4,289,111.3,295,.1768,303,49.8,159,51.7,263,18.2,160,19.2,106,28.2,272,31.2,160,39.5,189,60.7,351,52.2,38,52.2,304,30.4,325,33.7,127,65.5,233,-10.4,231
304,Central Connecticut,NEC,29,10-19,97.2,294,111.1,292,.1759,304,48.1,234,50.9,226,19.9,275,18.2,176,28.8,261,36.4,342,29.6,347,34.2,54,47.3,223,48.8,175,33.5,201,36.6,280,70.2,31,-14.6,293
305,Jackson St.,SWAC,31,11-20,93.0,337,106.5,211,.1745,305,45.2,333,49.4,153,21.9,331,21.2,27,33.4,99,30.3,120,40.3,171,55.8,344,45.6,287,47.9,147,29.3,339,34.7,187,67.1,146,-15.3,302
306,Alabama A&M,SWAC,28,12-16,91.6,343,105.0,184,.1731,306,46.3,305,45.2,23,19.8,272,20.2,51,27.6,287,34.2,294,41.5,136,54.6,342,45,306,44.5,43,32.3,268,31.4,35,65.8,216,-12.4,260
307,Montana St.,BSky,29,12-17,94.7,319,108.6,249,.1714,307,48,238,53.8,323,18,144,19.6,79,25.8,321,27.4,17,39.3,199,38.7,141,46.8,248,52.6,312,33.8,191,37.3,299,65.9,211,-13.2,274
308,Tennessee Martin,OVC,29,6-23,102.7,207,117.9,346,.1694,308,48.1,234,58.8,351,16.2,49,19.5,87,30,221,32.7,243,35.1,299,49.7,318,45.8,278,59.4,351,34.9,142,38.2,322,69.6,48,-17.5,325
309,Sacred Heart,NEC,31,5-26,98.0,283,112.6,312,.1677,309,46.7,285,52.3,288,17.6,119,18.4,162,32.4,131,33,255,35.7,291,44.2,260,45.5,292,52.8,319,32.7,241,34.2,156,68,100,-21.2,349
310,Jacksonville St.,OVC,29,8-21,96.9,296,111.5,297,.1675,310,46.4,301,53.7,321,17.5,110,19.3,99,31.1,180,34.7,311,41.4,140,47.6,299,45.9,276,52,296,31.6,292,38.7,333,62.8,328,-15.8,309
311,Southeastern Louisiana,Slnd,28,10-18,98.0,284,112.6,314,.1673,311,50,144,50.6,212,18.5,183,15.9,308,25.3,326,33.5,276,39,210,43.9,253,47.5,216,50.9,259,36.5,75,33.3,113,65,252,-14,286
312,Florida A&M,MEAC,30,12-18,93.9,331,108.1,237,.1649,312,44.4,341,47.8,97,20.4,301,20.6,37,35.6,36,35.8,331,33.9,316,56.3,345,42.5,344,47.2,119,32.3,268,32.8,84,71.7,13,-13.6,280
313,LIU Brooklyn,NEC,29,9-20,102.5,212,118.3,348,.1612,313,49.4,175,54.6,336,18.6,191,15.6,320,31,185,33.9,285,37.8,249,30.9,18,47.8,209,52.5,311,34.5,164,39,338,68.1,97,-15.2,301
314,St. Francis PA,NEC,31,10-21,95.8,307,110.7,282,.1598,314,47.6,253,52.4,290,17,77,17.5,226,26,318,32.2,225,32.7,331,30.1,12,47.3,223,50.8,254,32,277,37.5,308,63,326,-15.8,311
315,UNC Greensboro,SC,29,11-18,94.3,323,109.3,257,.1549,315,47.3,264,50.5,206,19.6,260,17.2,241,28.6,264,28.5,43,37.8,249,47.5,296,46.1,271,50.5,244,33.6,197,33.7,127,70.5,24,-13.2,275
316,Arkansas Pine Bluff,SWAC,29,11-18,92.3,340,107.1,220,.1531,316,47,276,54,328,22.3,337,23.9,4,29.2,245,33.4,273,41.1,149,50.7,326,44.7,317,53.3,327,34.1,179,36.8,282,66.7,164,-12,254
317,NJIT,ind,25,9-16,95.1,314,110.4,278,.1529,317,48,238,50.3,198,18.6,191,18.8,135,26.1,315,32.7,243,38.8,217,47.5,296,45,306,49.8,217,35.7,107,34.1,149,68.8,68,-12.4,261
318,Delaware St.,MEAC,28,7-21,97.3,293,112.9,321,.1523,318,46.3,305,49.5,162,19.5,257,18.1,186,29,254,35.7,329,38.7,222,41.1,189,45.8,278,51.5,282,31.6,292,30.7,20,59.9,349,-15.7,308
319,McNeese St.,Slnd,29,9-20,96.2,303,112.2,309,.1462,319,44.1,344,51.8,266,18.2,160,18.9,127,32.8,119,36.1,334,33.6,323,36.6,95,43.5,336,48.3,158,30.2,328,38.9,337,67.9,103,-12.6,267
320,Samford,SC,30,10-20,99.8,263,117.1,343,.1366,320,51.8,71,53.3,314,18.9,220,17.1,243,27.1,296,33.7,280,38.9,212,49.1,314,53,20,52.3,305,32.6,247,36.8,282,67.3,134,-15.3,304
321,Alabama St.,SWAC,29,16-13,95.1,315,111.7,302,.1352,321,45.5,326,49.7,168,17.6,119,21.4,22,33.3,103,34.7,311,40.7,158,40,160,47.2,229,50.9,259,28,345,31.4,35,67.5,120,-9.4,204
322,Campbell,BSth,28,9-19,97.3,291,114.5,332,.1336,322,51.3,90,52,278,20.3,294,16,305,31,185,36.2,337,27.4,351,37,103,50.2,97,51.7,287,35.1,129,35.1,215,63.8,300,-14.8,295
323,Central Arkansas,Slnd,27,6-21,95.5,312,112.4,310,.1330,323,49.3,181,52,278,20.3,294,19.2,106,28,279,37.8,348,38.2,235,49,312,46.9,243,52,296,36.7,71,34.5,173,72.2,10,-16.5,321
324,IUPUI,Sum,29,3-26,96.7,300,113.9,329,.1322,324,46.5,294,54.1,329,17.2,87,15.3,325,22.7,347,31.9,213,32.6,333,33.2,41,46.8,248,53.6,333,30.4,325,37,288,66.3,188,-19.8,344
325,Cornell,Ivy,27,1-26,101.2,233,119.4,349,.1297,325,46.7,285,56.8,347,18.2,160,15.5,322,28.1,275,32.7,243,28.2,349,47,291,46.5,258,54.4,338,31.4,304,41,349,66.1,201,-18.5,336
326,Alcorn St.,SWAC,28,9-19,93.2,335,110.0,272,.1289,326,45.2,333,49.5,162,17.8,131,19.1,115,28.6,264,34.5,301,41.4,140,41.4,197,45.2,301,48.2,152,30.1,329,34.8,195,63.8,301,-14.9,296
327,Prairie View A&M,SWAC,33,10-23,95.4,313,112.8,318,.1269,327,46.8,281,51.8,266,20.4,301,19.5,87,31.1,180,36.9,345,40.6,160,50.1,322,44.8,312,51.7,287,33.9,186,34.7,187,67.5,123,-17.2,324
328,Binghamton,AE,30,7-23,92.3,339,109.6,259,.1225,328,43.9,346,52.8,303,21.5,325,19.8,69,29.1,249,32.4,233,44.2,71,40.8,179,41.5,347,49.6,206,32,277,38.5,330,66.2,198,-18,330
329,New Orleans,Slnd,24,9-15,94.7,320,112.8,317,.1187,329,46.7,285,53.2,311,23.4,347,19.7,73,34.1,75,33.1,260,51.8,11,42.5,221,45.6,287,52.7,313,32.9,230,36.4,272,71.8,11,-10.2,228
330,New Hampshire,AE,29,5-24,89.4,349,106.6,215,.1167,330,43.7,347,46.6,57,20.5,306,17,251,27.3,294,29.1,72,32.3,336,43.8,251,39.7,350,46.5,92,32.9,230,31.3,34,62.7,330,-19.3,340
331,Lamar,Slnd,30,4-26,94.0,326,112.6,313,.1107,331,46.7,285,54.5,335,20.2,285,18.5,155,27.6,287,34.2,294,39.8,181,38.5,133,46.8,248,53.5,332,30.8,315,37.9,317,68.8,70,-21.2,348
332,UMass Lowell,AE,27,9-18,93.9,330,112.9,320,.1071,332,45.6,325,50.3,198,20.8,314,18.2,176,28,279,36,333,38.8,217,35.5,73,43.9,330,51.7,287,32.1,273,31.8,49,65,255,-12.4,259
333,Kennesaw St.,ASun,29,4-25,92.2,341,111.0,287,.1063,333,47.2,267,51.2,239,23.8,348,18.1,186,31,185,34.8,313,38.3,233,47.3,294,45.3,297,51.4,275,34,181,33.8,136,67.9,101,-19.8,345
334,Appalachian St.,SC,26,5-21,91.3,346,109.9,270,.1057,334,44.2,342,52.7,301,18.7,198,18.9,127,33.4,99,31.3,169,41.1,149,43.1,236,44.3,326,51.6,286,29.4,337,37.1,292,66.3,185,-16.5,322
335,UMBC,AE,28,8-20,90.9,348,109.8,264,.1026,335,45.4,328,51.3,246,21.3,320,21.7,17,29.1,249,31.3,169,40.2,175,57.4,347,44.7,317,49.5,203,31.1,309,36.3,269,68.6,74,-15.2,300
336,Howard,MEAC,31,6-25,87.6,351,105.8,197,.1017,336,42.1,351,49.9,177,24,350,21.3,24,31.8,157,36.3,339,49.3,25,54.4,340,38.9,351,49.8,217,32.9,230,33.4,118,67.6,112,-19,339
337,Stetson,ASun,30,7-23,93.9,329,113.8,327,.0992,337,47.1,271,53.2,311,19.4,252,18.8,135,27.5,289,36.3,339,36.7,270,38,120,48.8,158,51.7,287,29.2,340,37.2,296,63.5,311,-18.2,333
338,Furman,SC,27,7-20,94.0,327,114.0,330,.0977,338,48.8,203,52.5,293,20.9,316,16.1,301,26.5,308,34.9,314,40.6,160,29.9,11,48.9,152,51,262,32.4,263,37,288,65.2,242,-16,315
339,North Carolina A&T,MEAC,31,8-23,93.1,336,113.0,323,.0975,339,42.7,349,50.1,188,22.1,334,17.9,204,33.4,99,32.1,222,58.6,1,54.4,340,41.9,346,47.8,142,29.5,336,35.9,261,67.2,142,-17.9,328
340,Houston Baptist,Slnd,29,4-25,91.5,344,111.1,290,.0968,340,46.3,305,50.9,226,22.4,339,16.4,286,30.6,197,33.6,279,39.5,189,43.2,240,44.8,312,51,262,33.7,195,33.7,127,69.5,50,-19.7,343
341,Maryland Eastern Shore,MEAC,28,5-23,99.2,272,120.6,350,.0950,341,45,335,54.3,333,18.7,198,19,120,32.3,135,35.9,332,42.3,108,43.6,248,43.4,337,53,324,32.1,273,38.1,321,66.8,157,-18.7,337
342,Bethune Cookman,MEAC,30,5-25,96.1,305,117.1,344,.0929,342,45.7,322,51.7,263,19.7,264,19.7,73,31.8,157,38.7,350,34.1,315,53.4,335,41.3,348,51.1,268,35.8,101,35.3,227,62.4,336,-20.5,347
343,Longwood,BSth,28,4-24,95.7,308,117.1,342,.0892,343,47.1,271,55.7,342,18.8,211,18.2,176,26.8,305,35.3,320,30.9,342,44.4,263,45.6,287,55.2,342,34.1,179,37.7,311,68.4,83,-19,338
344,Abilene Christian,Slnd,21,2-19,95.1,316,116.4,338,.0889,344,47.2,267,56.4,346,22.3,337,18,197,24.9,330,33.8,283,42.3,108,48.3,305,42.3,345,56.8,347,37.3,58,37.1,292,64.9,257,-14.1,288
345,Maine,AE,28,5-23,94.1,324,115.3,334,.0884,345,48.9,196,53.2,311,20.3,294,17.6,221,24.5,336,35.5,323,33.9,316,39.4,153,48.7,165,52.9,321,32.9,230,36.1,265,74.8,3,-17.7,327
346,The Citadel,SC,29,4-25,96.0,306,117.8,345,.0870,346,47.7,248,51.6,259,19.2,241,14.8,342,27,299,34.6,308,34.4,309,36.4,92,45.1,303,51.1,268,35.7,107,35.1,215,65.6,223,-20.1,346
347,South Carolina St.,MEAC,28,7-21,91.2,347,112.0,305,.0857,347,43.5,348,50.2,193,22.5,341,17.7,216,35.5,37,34.3,299,33.6,323,44.6,265,44.2,327,50,224,28,345,33.8,136,66.6,169,-16,314
348,Mississippi Valley St.,SWAC,29,6-23,93.3,334,115.5,335,.0794,348,45.3,329,54.8,338,20.3,294,18.6,150,29.9,224,32,215,36.1,284,49.3,316,44.7,317,54.5,340,31.1,309,37.2,296,72.9,6,-18.1,332
349,Presbyterian,BSth,30,4-26,94.6,321,118.2,347,.0712,349,50.1,141,54.1,329,19.1,238,15,336,21.6,349,34.5,301,30.6,344,28.3,4,49.2,139,52.7,313,34.7,152,37.7,311,65.4,235,-21.7,350
350,Grambling St.,SWAC,27,4-23,94.5,322,122.4,351,.0486,350,46.5,294,57.4,350,21.9,331,18.3,168,30.6,197,36.1,334,40.5,166,40.5,173,45.3,297,57.7,348,32.5,257,37.9,317,68.4,85,-19.3,342
351,Southern Utah,BSky,28,1-27,88.1,350,114.2,331,.0486,351,44.7,338,53.1,308,21.4,323,16.6,276,23.8,343,34.2,294,39.3,199,57.7,348,43.1,340,51.4,275,32.6,247,38.3,326,65.4,237,-21.9,351
