Year,Home,Away,Home_Score,Away_Score,Rk_Home,Team_Home,Conf_Home,G_Home,Rec_Home,AdjOE_Home,AdjOE Rank_Home,AdjDE_Home,AdjDE Rank_Home,Barthag_Home,Barthag Rank_Home,EFG%_Home,EFG% Rank_Home,EFGD%_Home,EFGD% Rank_Home,TOR_Home,TOR Rank_Home,TORD_Home,TORD Rank_Home,ORB_Home,ORB Rank_Home,DRB_Home,DRB Rank_Home,FTR_Home,FTR Rank_Home,FTRD_Home,FTRD Rank_Home,2P%_Home,2P% Rank_Home,2P%D_Home,2P%D Rank_Home,3P%_Home,3P% Rank_Home,3P%D_Home,3P%D Rank_Home,Adj T._Home,Adj T. Rank_Home,WAB_Home,WAB Rank_Home,Rk_Away,Team_Away,Conf_Away,G_Away,Rec_Away,AdjOE_Away,AdjOE Rank_Away,AdjDE_Away,AdjDE Rank_Away,Barthag_Away,Barthag Rank_Away,EFG%_Away,EFG% Rank_Away,EFGD%_Away,EFGD% Rank_Away,TOR_Away,TOR Rank_Away,TORD_Away,TORD Rank_Away,ORB_Away,ORB Rank_Away,DRB_Away,DRB Rank_Away,FTR_Away,FTR Rank_Away,FTRD_Away,FTRD Rank_Away,2P%_Away,2P% Rank_Away,2P%D_Away,2P%D Rank_Away,3P%_Away,3P% Rank_Away,3P%D_Away,3P%D Rank_Away,Adj T._Away,Adj T. Rank_Away,WAB_Away,WAB Rank_Away
2016,Austin Peay,Kansas,79,105,226,Austin Peay,OVC,34,16-18,103.4,173,109.1,274,0.3501,226,51.3,108,53.8,327,20.2,296,18.6,136,31.9,99,30.0,184,47.0,3,31.3,61,51.0,78,53.3,327,34.7,165,36.4,264,70.5,97,-11.3,230,2,Kansas,B12,37,32-5,120.9,8,90.4,4,0.9662,2,55.7,10,45.1,16,17.8,151,18.5,144,32.2,85,27.9,86,38.6,113,37.3,180,52.7,32,43.4,18,41.3,5,32.5,60,70.1,113,11.6,1
2016,UConn,Kansas,61,73,33,UConn,Amer,36,25-11,110.5,65,93.4,17,0.8732,33,51.5,99,44.5,6,16.3,55,18.2,164,28.6,207,29.1,135,29.6,331,35.4,134,49.9,118,42.0,7,36.5,77,32.6,64,66.9,280,1.2,38,2,Kansas,B12,37,32-5,120.9,8,90.4,4,0.9662,2,55.7,10,45.1,16,17.8,151,18.5,144,32.2,85,27.9,86,38.6,113,37.3,180,52.7,32,43.4,18,41.3,5,32.5,60,70.1,113,11.6,1
2016,Maryland,Kansas,63,79,29,Maryland,B10,35,26-9,114.9,24,96.3,42,0.8839,29,55.2,13,46.5,32,18.9,232,16.4,278,29.1,190,29.9,181,37.0,164,27.0,14,55.8,7,45.5,50,36.2,102,32.1,44,67.9,234,4.0,18,2,Kansas,B12,37,32-5,120.9,8,90.4,4,0.9662,2,55.7,10,45.1,16,17.8,151,18.5,144,32.2,85,27.9,86,38.6,113,37.3,180,52.7,32,43.4,18,41.3,5,32.5,60,70.1,113,11.6,1
2016,Villanova,Kansas,64,59,1,Villanova,BE,40,35-5,123.1,3,90.9,6,0.9703,1,56.1,8,46.7,41,16.3,55,20.6,40,28.2,224,29.4,148,34.1,241,30.0,44,57.4,2,44.1,23,36.2,102,33.9,131,66.7,289,8.9,2,2,Kansas,B12,37,32-5,120.9,8,90.4,4,0.9662,2,55.7,10,45.1,16,17.8,151,18.5,144,32.2,85,27.9,86,38.6,113,37.3,180,52.7,32,43.4,18,41.3,5,32.5,60,70.1,113,11.6,1
2016,Florida Gulf Coast,UNC,67,83,155,Florida Gulf Coast,ASun,31,17-14,102.9,184,102.4,150,0.5136,155,51.5,99,47.7,69,17.2,108,15.9,300,31.7,106,27.5,70,37.3,157,35.3,133,51.5,61,48.3,144,34.2,189,31.2,23,68.0,233,-8.4,173,4,UNC,ACC,40,33-7,123.3,1,94.9,26,0.9531,4,52.6,53,48.1,83,15.4,21,18.2,164,40.7,3,30.0,184,32.3,280,30.4,50,53.9,21,44.6,34,32.7,255,36.2,257,71.7,57,8.6,4
2016,Providence,UNC,66,85,54,Providence,BE,35,24-11,108.7,93,95.4,31,0.8193,54,48.0,251,49.3,132,16.1,44,20.6,40,30.4,146,30.3,201,37.3,157,28.0,23,48.0,203,49.8,218,32.1,282,32.3,52,69.3,152,3.4,24,4,UNC,ACC,40,33-7,123.3,1,94.9,26,0.9531,4,52.6,53,48.1,83,15.4,21,18.2,164,40.7,3,30.0,184,32.3,280,30.4,50,53.9,21,44.6,34,32.7,255,36.2,257,71.7,57,8.6,4
2016,Syracuse,UNC,66,83,27,Syracuse,ACC,37,23-14,111.9,52,93.6,20,0.8857,27,50.0,162,47.3,59,18.1,176,20.4,47,33.5,51,35.3,337,35.4,205,28.0,23,47.2,230,48.1,132,36.0,113,30.7,13,65.5,327,-0.3,59,4,UNC,ACC,40,33-7,123.3,1,94.9,26,0.9531,4,52.6,53,48.1,83,15.4,21,18.2,164,40.7,3,30.0,184,32.3,280,30.4,50,53.9,21,44.6,34,32.7,255,36.2,257,71.7,57,8.6,4
2016,Indiana,UNC,86,101,15,Indiana,B10,35,27-8,121.3,6,98.4,74,0.9168,15,58.7,1,49.8,167,19.6,271,18.9,117,37.2,15,29.2,137,33.9,246,30.2,49,56.1,6,49.0,181,41.6,4,34.3,148,69.5,143,3.2,25,4,UNC,ACC,40,33-7,123.3,1,94.9,26,0.9531,4,52.6,53,48.1,83,15.4,21,18.2,164,40.7,3,30.0,184,32.3,280,30.4,50,53.9,21,44.6,34,32.7,255,36.2,257,71.7,57,8.6,4
2016,Villanova,UNC,77,74,1,Villanova,BE,40,35-5,123.1,3,90.9,6,0.9703,1,56.1,8,46.7,41,16.3,55,20.6,40,28.2,224,29.4,148,34.1,241,30.0,44,57.4,2,44.1,23,36.2,102,33.9,131,66.7,289,8.9,2,4,UNC,ACC,40,33-7,123.3,1,94.9,26,0.9531,4,52.6,53,48.1,83,15.4,21,18.2,164,40.7,3,30.0,184,32.3,280,30.4,50,53.9,21,44.6,34,32.7,255,36.2,257,71.7,57,8.6,4
2016,Notre Dame,UNC,74,88,47,Notre Dame,ACC,36,24-12,118.3,13,103.3,168,0.8269,47,54.0,29,49.5,141,15.3,18,14.8,334,32.7,70,32.1,285,32.9,273,26.0,11,52.9,29,46.5,81,37.4,46,36.9,285,65.5,328,2.3,28,4,UNC,ACC,40,33-7,123.3,1,94.9,26,0.9531,4,52.6,53,48.1,83,15.4,21,18.2,164,40.7,3,30.0,184,32.3,280,30.4,50,53.9,21,44.6,34,32.7,255,36.2,257,71.7,57,8.6,4
2016,Hampton,Virginia,45,81,268,Hampton,MEAC,31,20-11,98.2,278,107.5,247,0.2615,268,46.7,295,48.6,103,18.7,220,16.7,261,34.5,41,27.2,62,41.3,66,35.7,140,47.3,228,47.5,109,30.5,320,33.8,124,71.9,55,-6.3,141,3,Virginia,ACC,37,29-8,119.9,9,91.0,7,0.96,3,54.8,17,48.4,94,15.1,13,18.8,126,29.9,162,25.2,17,32.1,288,33.4,93,52.6,34,46.3,72,40.3,9,34.7,168,61.9,351,8.6,3
2016,Butler,Virginia,69,77,26,Butler,BE,33,22-11,118.2,14,98.6,76,0.8899,26,52.6,53,49.7,162,14.5,7,18.6,136,32.2,85,27.5,70,39.3,102,35.8,145,49.9,118,49.1,187,39.3,14,33.8,124,69.2,160,2.0,32,3,Virginia,ACC,37,29-8,119.9,9,91.0,7,0.96,3,54.8,17,48.4,94,15.1,13,18.8,126,29.9,162,25.2,17,32.1,288,33.4,93,52.6,34,46.3,72,40.3,9,34.7,168,61.9,351,8.6,3
2016,Syracuse,Virginia,68,62,27,Syracuse,ACC,37,23-14,111.9,52,93.6,20,0.8857,27,50.0,162,47.3,59,18.1,176,20.4,47,33.5,51,35.3,337,35.4,205,28.0,23,47.2,230,48.1,132,36.0,113,30.7,13,65.5,327,-0.3,59,3,Virginia,ACC,37,29-8,119.9,9,91.0,7,0.96,3,54.8,17,48.4,94,15.1,13,18.8,126,29.9,162,25.2,17,32.1,288,33.4,93,52.6,34,46.3,72,40.3,9,34.7,168,61.9,351,8.6,3
2016,Iowa State,Virginia,71,84,17,Iowa State,B12,35,23-12,121.4,5,98.6,77,0.9162,17,57.1,5,49.8,167,15.7,30,16.8,258,26.2,281,30.1,191,26.1,349,24.9,6,56.7,4,49.5,203,38.7,20,33.5,107,72.3,47,3.6,20,3,Virginia,ACC,37,29-8,119.9,9,91.0,7,0.96,3,54.8,17,48.4,94,15.1,13,18.8,126,29.9,162,25.2,17,32.1,288,33.4,93,52.6,34,46.3,72,40.3,9,34.7,168,61.9,351,8.6,3
2016,Buffalo,Miami (FL),72,79,135,Buffalo,MAC,34,19-15,105.1,151,102.4,151,0.5746,135,49.6,186,49.8,167,18.8,223,17.7,198,31.8,104,28.7,120,41.6,56,37.8,190,49.0,158,48.8,171,33.7,219,34.3,148,72.9,27,-5.8,129,14,Miami (FL),ACC,35,27-8,119.4,10,96.5,46,0.9203,14,54.2,23,48.3,90,16.5,69,17.4,216,30.1,158,29.5,156,40.7,77,29.1,36,53.2,25,46.9,91,37.5,45,34.4,155,67.0,271,6.9,9
2016,Wichita State,Miami (FL),57,65,9,Wichita State,MVC,34,25-9,110.3,67,87.8,1,0.9321,9,48.9,221,44.7,10,14.7,9,23.2,5,31.7,106,23.6,4,37.4,153,45.4,327,49.2,147,42.1,8,32.3,275,32.7,69,66.8,284,0.2,47,14,Miami (FL),ACC,35,27-8,119.4,10,96.5,46,0.9203,14,54.2,23,48.3,90,16.5,69,17.4,216,30.1,158,29.5,156,40.7,77,29.1,36,53.2,25,46.9,91,37.5,45,34.4,155,67.0,271,6.9,9
2016,Fresno State,Utah,69,80,110,Fresno State,MWC,33,23-10,106.3,128,100.1,112,0.6646,110,48.4,240,48.8,110,15.1,13,21.0,25,30.0,160,29.7,168,37.7,143,46.4,330,47.0,239,48.4,148,34.4,177,33.0,81,69.8,126,-0.9,67,32,Utah,P12,35,26-9,115.8,23,97.3,55,0.8807,32,55.1,15,48.0,80,18.2,182,15.3,323,29.2,186,27.8,81,37.9,136,23.0,1,55.5,8,44.5,32,36.3,90,37.1,296,66.9,278,5.6,11
2016,Gonzaga,Utah,82,59,12,Gonzaga,WCC,35,27-8,117.4,17,94.5,25,0.9238,12,55.2,13,44.8,12,17.1,100,15.1,328,32.1,90,26.0,35,34.4,233,28.1,26,54.3,16,44.4,27,37.8,42,30.3,8,68.2,218,2.1,30,32,Utah,P12,35,26-9,115.8,23,97.3,55,0.8807,32,55.1,15,48.0,80,18.2,182,15.3,323,29.2,186,27.8,81,37.9,136,23.0,1,55.5,8,44.5,32,36.3,90,37.1,296,66.9,278,5.6,11
2016,Iona,Iowa State,81,94,106,Iona,MAAC,33,22-11,109.1,86,102.1,143,0.6822,106,53.8,32,48.8,110,17.6,133,19.2,95,29.2,186,31.0,236,32.4,279,36.3,159,52.5,41,46.0,64,37.0,59,35.8,239,72.6,37,-3.6,98,17,Iowa State,B12,35,23-12,121.4,5,98.6,77,0.9162,17,57.1,5,49.8,167,15.7,30,16.8,258,26.2,281,30.1,191,26.1,349,24.9,6,56.7,4,49.5,203,38.7,20,33.5,107,72.3,47,3.6,20
2016,UNC Wilmington,Duke,85,93,91,UNC Wilmington,CAA,31,23-8,109.5,81,100.9,127,0.7186,91,51.2,114,47.5,65,15.9,37,19.9,65,32.1,90,30.1,191,35.6,200,55.2,350,51.0,78,46.1,66,34.4,177,33.9,131,71.3,65,-0.7,63,20,Duke,ACC,36,25-11,121.2,7,98.9,83,0.9122,20,53.7,34,49.5,141,14.3,4,17.4,216,33.2,58,34.7,333,40.6,79,25.3,10,51.0,78,48.9,175,38.5,23,34.0,136,68.7,184,4.2,17
2016,Yale,Duke,64,71,52,Yale,Ivy,29,22-7,109.1,87,95.6,32,0.8209,52,52.2,61,46.7,41,19.9,284,17.8,190,39.3,5,24.3,7,41.7,52,33.3,92,51.4,64,45.5,50,36.0,113,32.7,69,66.8,285,-0.1,53,20,Duke,ACC,36,25-11,121.2,7,98.9,83,0.9122,20,53.7,34,49.5,141,14.3,4,17.4,216,33.2,58,34.7,333,40.6,79,25.3,10,51.0,78,48.9,175,38.5,23,34.0,136,68.7,184,4.2,17
2016,Stony Brook,Kentucky,57,85,113,Stony Brook,AE,31,24-7,104.6,160,99.2,93,0.648,113,52.2,61,47.6,67,17.3,112,18.4,153,34.8,32,26.0,35,32.2,285,27.6,20,50.7,89,45.8,61,37.2,52,34.1,140,67.8,243,-1.1,72,5,Kentucky,SEC,36,27-9,123.2,2,95.1,28,0.9517,5,53.5,39,44.5,6,16.2,49,18.0,178,37.5,12,31.9,275,37.8,139,40.8,265,52.9,29,42.7,11,36.6,74,32.6,64,68.2,215,5.0,14
2016,Indiana,Kentucky,73,67,15,Indiana,B10,35,27-8,121.3,6,98.4,74,0.9168,15,58.7,1,49.8,167,19.6,271,18.9,117,37.2,15,29.2,137,33.9,246,30.2,49,56.1,6,49.0,181,41.6,4,34.3,148,69.5,143,3.2,25,5,Kentucky,SEC,36,27-9,123.2,2,95.1,28,0.9517,5,53.5,39,44.5,6,16.2,49,18.0,178,37.5,12,31.9,275,37.8,139,40.8,265,52.9,29,42.7,11,36.6,74,32.6,64,68.2,215,5.0,14
2016,Chattanooga,Indiana,74,99,117,Chattanooga,SC,33,27-6,105.6,141,100.8,124,0.6286,117,51.7,87,50.5,195,18.0,167,20.2,54,32.3,83,29.0,129,41.6,56,30.9,57,50.7,89,50.5,248,35.6,128,33.7,114,67.3,261,0.4,44,15,Indiana,B10,35,27-8,121.3,6,98.4,74,0.9168,15,58.7,1,49.8,167,19.6,271,18.9,117,37.2,15,29.2,137,33.9,246,30.2,49,56.1,6,49.0,181,41.6,4,34.3,148,69.5,143,3.2,25
2016,Yale,Baylor,79,75,52,Yale,Ivy,29,22-7,109.1,87,95.6,32,0.8209,52,52.2,61,46.7,41,19.9,284,17.8,190,39.3,5,24.3,7,41.7,52,33.3,92,51.4,64,45.5,50,36.0,113,32.7,69,66.8,285,-0.1,53,25,Baylor,B12,33,21-12,119.3,11,99.2,91,0.8924,25,51.6,95,51.2,235,18.6,211,19.8,69,40.0,4,28.8,122,38.6,113,38.6,213,49.8,122,49.1,187,37.4,46,36.9,285,67.4,257,3.5,21
2016,Gonzaga,Seton Hall,68,52,12,Gonzaga,WCC,35,27-8,117.4,17,94.5,25,0.9238,12,55.2,13,44.8,12,17.1,100,15.1,328,32.1,90,26.0,35,34.4,233,28.1,26,54.3,16,44.4,27,37.8,42,30.3,8,68.2,218,2.1,30,22,Seton Hall,BE,34,25-9,110.8,62,91.4,8,0.9014,22,49.8,174,45.4,18,19.4,258,19.5,82,34.7,38,30.8,229,40.4,83,33.8,106,48.8,166,44.3,25,34.7,165,31.7,35,70.4,100,5.3,12
2016,Gonzaga,Syracuse,60,63,12,Gonzaga,WCC,35,27-8,117.4,17,94.5,25,0.9238,12,55.2,13,44.8,12,17.1,100,15.1,328,32.1,90,26.0,35,34.4,233,28.1,26,54.3,16,44.4,27,37.8,42,30.3,8,68.2,218,2.1,30,27,Syracuse,ACC,37,23-14,111.9,52,93.6,20,0.8857,27,50.0,162,47.3,59,18.1,176,20.4,47,33.5,51,35.3,337,35.4,205,28.0,23,47.2,230,48.1,132,36.0,113,30.7,13,65.5,327,-0.3,59
2016,Middle Tennessee,Syracuse,50,75,119,Middle Tennessee,CUSA,33,23-10,103.9,168,99.5,98,0.6224,119,51.7,87,49.4,137,17.1,100,19.4,87,28.7,202,25.7,29,34.9,220,42.4,293,47.8,210,48.0,130,39.2,16,34.7,168,68.5,198,-3.2,94,27,Syracuse,ACC,37,23-14,111.9,52,93.6,20,0.8857,27,50.0,162,47.3,59,18.1,176,20.4,47,33.5,51,35.3,337,35.4,205,28.0,23,47.2,230,48.1,132,36.0,113,30.7,13,65.5,327,-0.3,59
2016,Wichita State,Arizona,65,55,9,Wichita State,MVC,34,25-9,110.3,67,87.8,1,0.9321,9,48.9,221,44.7,10,14.7,9,23.2,5,31.7,106,23.6,4,37.4,153,45.4,327,49.2,147,42.1,8,32.3,275,32.7,69,66.8,284,0.2,47,21,Arizona,P12,34,25-9,116.1,22,95.7,35,0.9022,21,53.6,35,46.2,28,18.2,182,16.0,294,35.0,30,24.9,12,43.8,20,29.3,37,52.2,48,45.7,57,38.1,36,31.6,34,69.1,164,3.4,23
2016,Butler,Texas Tech,71,61,26,Butler,BE,33,22-11,118.2,14,98.6,76,0.8899,26,52.6,53,49.7,162,14.5,7,18.6,136,32.2,85,27.5,70,39.3,102,35.8,145,49.9,118,49.1,187,39.3,14,33.8,124,69.2,160,2.0,32,50,Texas Tech,B12,32,19-13,113.1,39,98.9,84,0.8227,50,50.0,162,49.6,153,17.8,151,19.0,108,31.3,119,32.3,289,42.2,42,32.9,86,49.2,147,47.2,101,34.6,170,35.6,225,67.2,263,1.3,37
2016,UConn,Colorado,74,67,33,UConn,Amer,36,25-11,110.5,65,93.4,17,0.8732,33,51.5,99,44.5,6,16.3,55,18.2,164,28.6,207,29.1,135,29.6,331,35.4,134,49.9,118,42.0,7,36.5,77,32.6,64,66.9,280,1.2,38,59,Colorado,P12,33,21-12,107.8,108,95.2,29,0.8072,59,48.4,240,46.8,45,18.8,223,15.4,321,34.8,32,24.8,10,40.5,80,35.7,140,43.9,331,44.3,25,38.6,22,35.3,204,69.9,121,0.7,41
2016,Providence,USC,70,69,54,Providence,BE,35,24-11,108.7,93,95.4,31,0.8193,54,48.0,251,49.3,132,16.1,44,20.6,40,30.4,146,30.3,201,37.3,157,28.0,23,48.0,203,49.8,218,32.1,282,32.3,52,69.3,152,3.4,24,46,USC,P12,34,21-13,113.7,33,98.7,81,0.8352,46,52.2,61,47.3,59,16.6,75,16.7,261,32.1,90,31.6,265,35.1,215,28.3,29,49.4,138,46.6,84,38.7,20,32.5,60,72.1,53,0.2,48
2016,Florida State,Valparaiso,69,81,60,Florida State,ACC,34,20-14,112.2,46,99.1,88,0.8069,60,51.8,82,50.9,215,18.0,167,18.9,117,32.8,66,28.3,103,37.8,139,36.7,168,52.1,49,48.9,175,34.1,192,36.2,257,72.7,36,0.1,49,41,Valparaiso,Horz,35,28-7,106.6,123,91.8,9,0.8476,41,50.7,131,44.5,6,19.0,242,18.5,144,35.2,28,24.8,10,35.1,215,38.7,219,48.3,191,41.5,2,36.5,77,33.9,131,67.5,253,0.4,42
2016,George Washington,Valparaiso,76,60,42,George Washington,A10,38,28-10,114.9,25,99.1,87,0.8454,42,50.8,129,48.7,106,16.5,69,17.5,210,34.4,42,27.9,86,39.1,106,27.0,14,48.4,186,48.2,139,37.1,58,33.0,81,67.2,264,-0.8,64,41,Valparaiso,Horz,35,28-7,106.6,123,91.8,9,0.8476,41,50.7,131,44.5,6,19.0,242,18.5,144,35.2,28,24.8,10,35.1,215,38.7,219,48.3,191,41.5,2,36.5,77,33.9,131,67.5,253,0.4,42
2016,Saint Mary's,Valparaiso,44,60,30,Saint Mary's,WCC,34,28-6,117.6,16,98.6,78,0.883,30,58.4,3,46.2,28,15.4,21,15.5,320,29.8,164,26.7,51,29.0,335,24.1,3,56.4,5,44.8,39,41.0,6,32.7,69,62.5,347,2.0,34,41,Valparaiso,Horz,35,28-7,106.6,123,91.8,9,0.8476,41,50.7,131,44.5,6,19.0,242,18.5,144,35.2,28,24.8,10,35.1,215,38.7,219,48.3,191,41.5,2,36.5,77,33.9,131,67.5,253,0.4,42
2016,BYU,Valparaiso,70,72,51,BYU,WCC,36,25-11,112.0,51,98.1,69,0.8223,51,52.9,48,48.3,90,15.8,31,17.8,190,31.2,123,25.2,17,35.3,209,31.9,70,50.2,106,47.0,93,38.4,24,33.7,114,74.4,10,-1.5,81,41,Valparaiso,Horz,35,28-7,106.6,123,91.8,9,0.8476,41,50.7,131,44.5,6,19.0,242,18.5,144,35.2,28,24.8,10,35.1,215,38.7,219,48.3,191,41.5,2,36.5,77,33.9,131,67.5,253,0.4,42
2016,Jackson State,Grand Canyon,54,64,252,Jackson State,SWAC,34,18-16,94.1,321,101.1,130,0.3056,252,45.7,316,45.5,19,17.8,151,20.7,37,32.3,83,28.4,106,30.4,323,48.1,340,45.4,295,44.6,34,30.8,316,31.5,32,68.2,219,-10.7,218,138,Grand Canyon,WAC,32,25-7,103.1,177,100.7,121,0.5683,138,49.8,174,48.1,83,16.9,90,19.1,103,32.0,97,27.3,67,41.5,58,35.1,127,48.3,191,48.4,148,35.6,128,31.7,35,69.5,140,-1.0,69
2016,Holy Cross,Oregon,52,91,278,Holy Cross,Pat,35,15-20,96.7,301,106.9,231,0.2398,278,47.9,256,53.2,311,16.8,84,19.6,77,23.1,332,29.6,162,36.1,187,33.4,93,47.2,230,52.8,318,32.6,261,35.7,233,64.6,337,-14.5,287,16,Oregon,P12,37,30-7,118.4,12,96.2,39,0.9163,16,52.3,60,48.9,113,16.1,44,20.2,54,34.1,45,30.5,210,40.3,85,32.0,74,52.6,34,46.1,66,34.4,177,36.2,257,69.0,167,6.7,10
2016,St. Joseph's,Oregon,64,69,39,St. Joseph's,A10,36,28-8,114.2,30,97.6,59,0.86,39,51.2,114,48.1,83,14.3,4,16.1,287,28.3,218,25.8,30,37.4,153,25.0,7,52.3,45,49.2,194,32.7,255,31.1,20,70.9,86,3.4,22,16,Oregon,P12,37,30-7,118.4,12,96.2,39,0.9163,16,52.3,60,48.9,113,16.1,44,20.2,54,34.1,45,30.5,210,40.3,85,32.0,74,52.6,34,46.1,66,34.4,177,36.2,257,69.0,167,6.7,10
2016,Duke,Oregon,68,82,20,Duke,ACC,36,25-11,121.2,7,98.9,83,0.9122,20,53.7,34,49.5,141,14.3,4,17.4,216,33.2,58,34.7,333,40.6,79,25.3,10,51.0,78,48.9,175,38.5,23,34.0,136,68.7,184,4.2,17,16,Oregon,P12,37,30-7,118.4,12,96.2,39,0.9163,16,52.3,60,48.9,113,16.1,44,20.2,54,34.1,45,30.5,210,40.3,85,32.0,74,52.6,34,46.1,66,34.4,177,36.2,257,69.0,167,6.7,10
2016,Oklahoma,Oregon,80,68,8,Oklahoma,B12,37,29-8,118.2,15,94.1,22,0.9326,8,54.3,22,47.2,55,18.3,193,17.7,198,31.2,123,30.5,210,33.0,269,28.3,29,48.2,198,45.3,46,42.2,2,33.7,114,70.8,89,8.0,5,16,Oregon,P12,37,30-7,118.4,12,96.2,39,0.9163,16,52.3,60,48.9,113,16.1,44,20.2,54,34.1,45,30.5,210,40.3,85,32.0,74,52.6,34,46.1,66,34.4,177,36.2,257,69.0,167,6.7,10
2016,Cal State Bakersfield,Oklahoma,68,82,98,Cal State Bakersfield,WAC,30,21-9,103.4,171,95.7,34,0.7106,98,49.3,199,45.2,17,18.2,182,21.5,17,34.1,45,29.7,168,38.0,133,42.1,289,48.5,179,42.8,12,34.3,184,33.4,103,68.4,203,-3.5,97,8,Oklahoma,B12,37,29-8,118.2,15,94.1,22,0.9326,8,54.3,22,47.2,55,18.3,193,17.7,198,31.2,123,30.5,210,33.0,269,28.3,29,48.2,198,45.3,46,42.2,2,33.7,114,70.8,89,8.0,5
2016,VCU,Oklahoma,81,85,31,VCU,A10,36,25-11,112.1,49,94.2,23,0.8811,31,51.0,127,49.2,126,16.3,55,21.4,18,33.2,58,27.7,77,32.2,285,36.8,171,50.1,108,48.6,157,35.2,145,33.7,114,70.3,107,-0.1,55,8,Oklahoma,B12,37,29-8,118.2,15,94.1,22,0.9326,8,54.3,22,47.2,55,18.3,193,17.7,198,31.2,123,30.5,210,33.0,269,28.3,29,48.2,198,45.3,46,42.2,2,33.7,114,70.8,89,8.0,5
2016,Texas A&M,Oklahoma,63,77,19,Texas A&M,SEC,37,28-9,113.0,40,92.2,10,0.9126,19,51.2,114,47.4,62,17.4,117,20.7,37,34.8,32,29.2,137,38.1,131,32.3,77,51.3,67,45.6,54,34.1,192,33.3,96,68.4,205,5.2,13,8,Oklahoma,B12,37,29-8,118.2,15,94.1,22,0.9326,8,54.3,22,47.2,55,18.3,193,17.7,198,31.2,123,30.5,210,33.0,269,28.3,29,48.2,198,45.3,46,42.2,2,33.7,114,70.8,89,8.0,5
2016,Villanova,Oklahoma,95,51,1,Villanova,BE,40,35-5,123.1,3,90.9,6,0.9703,1,56.1,8,46.7,41,16.3,55,20.6,40,28.2,224,29.4,148,34.1,241,30.0,44,57.4,2,44.1,23,36.2,102,33.9,131,66.7,289,8.9,2,8,Oklahoma,B12,37,29-8,118.2,15,94.1,22,0.9326,8,54.3,22,47.2,55,18.3,193,17.7,198,31.2,123,30.5,210,33.0,269,28.3,29,48.2,198,45.3,46,42.2,2,33.7,114,70.8,89,8.0,5
2016,Middle Tennessee,Michigan State,90,81,119,Middle Tennessee,CUSA,33,23-10,103.9,168,99.5,98,0.6224,119,51.7,87,49.4,137,17.1,100,19.4,87,28.7,202,25.7,29,34.9,220,42.4,293,47.8,210,48.0,130,39.2,16,34.7,168,68.5,198,-3.2,94,6,Michigan State,B10,35,29-6,122.5,4,96.0,38,0.9428,6,56.3,7,43.3,3,17.6,133,14.2,343,37.1,16,24.3,7,30.0,327,34.1,109,51.4,64,41.7,6,43.4,1,31.0,17,67.6,250,7.2,8
2016,UNC Asheville,Villanova,56,86,146,UNC Asheville,BSth,32,20-12,101.2,208,99.4,97,0.5487,146,49.6,186,49.3,132,18.6,211,22.2,10,31.6,109,29.3,142,41.8,50,33.0,88,50.2,106,52.1,297,32.1,282,29.6,4,71.0,83,-6.3,139,1,Villanova,BE,40,35-5,123.1,3,90.9,6,0.9703,1,56.1,8,46.7,41,16.3,55,20.6,40,28.2,224,29.4,148,34.1,241,30.0,44,57.4,2,44.1,23,36.2,102,33.9,131,66.7,289,8.9,2
2016,Iowa,Villanova,68,87,28,Iowa,B10,33,22-11,114.4,29,95.8,36,0.8853,28,51.3,108,48.0,80,14.8,11,18.8,126,31.9,99,31.3,254,33.0,269,25.0,7,48.7,172,48.7,163,37.4,46,31.3,26,69.8,124,2.0,33,1,Villanova,BE,40,35-5,123.1,3,90.9,6,0.9703,1,56.1,8,46.7,41,16.3,55,20.6,40,28.2,224,29.4,148,34.1,241,30.0,44,57.4,2,44.1,23,36.2,102,33.9,131,66.7,289,8.9,2
2016,Miami (FL),Villanova,69,92,14,Miami (FL),ACC,35,27-8,119.4,10,96.5,46,0.9203,14,54.2,23,48.3,90,16.5,69,17.4,216,30.1,158,29.5,156,40.7,77,29.1,36,53.2,25,46.9,91,37.5,45,34.4,155,67.0,271,6.9,9,1,Villanova,BE,40,35-5,123.1,3,90.9,6,0.9703,1,56.1,8,46.7,41,16.3,55,20.6,40,28.2,224,29.4,148,34.1,241,30.0,44,57.4,2,44.1,23,36.2,102,33.9,131,66.7,289,8.9,2
2016,Weber State,Xavier,53,71,141,Weber State,BSky,32,23-9,101.7,200,99.5,99,0.5599,141,54.5,20,47.4,62,19.6,271,15.6,316,25.9,289,25.6,25,45.7,7,28.1,26,55.3,11,45.2,45,35.5,134,35.6,225,67.7,245,-3.7,100,13,Xavier,BE,34,28-6,117.0,20,94.3,24,0.9229,13,51.4,105,47.8,73,17.4,117,19.3,93,35.2,28,26.0,35,41.7,52,33.6,104,49.8,122,48.6,157,36.3,90,31.1,20,72.4,43,7.7,6
2016,Wisconsin,Xavier,66,63,40,Wisconsin,B10,35,22-13,108.8,92,93.5,19,0.8509,40,48.5,234,48.1,83,17.1,100,18.6,136,33.1,60,27.7,77,38.0,133,33.6,104,46.6,252,44.8,39,34.9,157,37.4,305,64.1,342,0.4,43,13,Xavier,BE,34,28-6,117.0,20,94.3,24,0.9229,13,51.4,105,47.8,73,17.4,117,19.3,93,35.2,28,26.0,35,41.7,52,33.6,104,49.8,122,48.6,157,36.3,90,31.1,20,72.4,43,7.7,6
2016,Green Bay,Texas A&M,65,92,136,Green Bay,Horz,34,21-13,106.9,113,104.2,185,0.5729,136,49.8,174,51.5,251,15.8,31,21.1,23,30.9,129,32.0,281,42.2,42,35.8,145,48.5,179,50.0,224,35.0,154,36.3,262,77.3,5,-4.5,112,19,Texas A&M,SEC,37,28-9,113.0,40,92.2,10,0.9126,19,51.2,114,47.4,62,17.4,117,20.7,37,34.8,32,29.2,137,38.1,131,32.3,77,51.3,67,45.6,54,34.1,192,33.3,96,68.4,205,5.2,13
2016,Northern Iowa,Texas A&M,88,92,57,Northern Iowa,MVC,35,22-13,109.7,80,96.7,48,0.8109,57,53.2,44,48.7,106,15.2,16,18.5,144,17.7,351,27.4,69,34.1,241,24.8,5,51.3,67,48.9,175,37.2,52,32.4,56,63.7,346,-2.1,88,19,Texas A&M,SEC,37,28-9,113.0,40,92.2,10,0.9126,19,51.2,114,47.4,62,17.4,117,20.7,37,34.8,32,29.2,137,38.1,131,32.3,77,51.3,67,45.6,54,34.1,192,33.3,96,68.4,205,5.2,13
2016,Stephen F. Austin,West Virginia,70,56,49,Stephen F. Austin,Slnd,30,24-6,110.3,67,96.5,45,0.8235,49,54.8,17,49.5,141,17.7,139,25.9,1,33.5,51,30.7,224,34.3,238,40.2,254,54.5,14,49.7,215,36.9,63,32.8,77,68.2,216,-1.2,73,7,West Virginia,B12,35,26-9,114.8,26,90.4,5,0.9396,7,49.8,174,48.4,94,20.0,291,25.0,2,42.0,1,27.1,60,46.2,5,55.3,351,50.3,103,47.7,120,32.5,266,33.1,85,70.9,87,7.4,7
2016,Stephen F. Austin,Notre Dame,75,76,49,Stephen F. Austin,Slnd,30,24-6,110.3,67,96.5,45,0.8235,49,54.8,17,49.5,141,17.7,139,25.9,1,33.5,51,30.7,224,34.3,238,40.2,254,54.5,14,49.7,215,36.9,63,32.8,77,68.2,216,-1.2,73,47,Notre Dame,ACC,36,24-12,118.3,13,103.3,168,0.8269,47,54.0,29,49.5,141,15.3,18,14.8,334,32.7,70,32.1,285,32.9,273,26.0,11,52.9,29,46.5,81,37.4,46,36.9,285,65.5,328,2.3,28
2016,Michigan,Notre Dame,63,70,53,Michigan,B10,35,22-13,113.4,37,99.4,96,0.82,53,54.5,20,51.4,244,14.5,7,17.9,187,24.8,313,26.4,47,27.8,343,27.0,14,52.6,34,51.1,264,38.0,39,34.7,168,66.3,302,0.8,40,47,Notre Dame,ACC,36,24-12,118.3,13,103.3,168,0.8269,47,54.0,29,49.5,141,15.3,18,14.8,334,32.7,70,32.1,285,32.9,273,26.0,11,52.9,29,46.5,81,37.4,46,36.9,285,65.5,328,2.3,28
2016,Wisconsin,Notre Dame,56,61,40,Wisconsin,B10,35,22-13,108.8,92,93.5,19,0.8509,40,48.5,234,48.1,83,17.1,100,18.6,136,33.1,60,27.7,77,38.0,133,33.6,104,46.6,252,44.8,39,34.9,157,37.4,305,64.1,342,0.4,43,47,Notre Dame,ACC,36,24-12,118.3,13,103.3,168,0.8269,47,54.0,29,49.5,141,15.3,18,14.8,334,32.7,70,32.1,285,32.9,273,26.0,11,52.9,29,46.5,81,37.4,46,36.9,285,65.5,328,2.3,28
2016,Hawaii,California,77,66,61,Hawaii,BW,32,26-6,106.9,115,95.0,27,0.7945,61,51.9,77,44.9,14,18.1,176,19.8,69,30.4,146,26.4,47,45.4,9,40.2,254,54.1,20,44.8,39,32.2,278,30.0,5,71.4,62,0.8,39,23,California,P12,34,23-11,112.4,44,92.8,12,0.9006,23,52.2,61,44.3,4,17.7,139,14.1,346,32.4,77,25.3,19,41.7,52,37.5,184,51.1,74,41.5,2,36.3,90,34.7,168,68.8,178,2.2,29
2016,Hawaii,Maryland,60,73,61,Hawaii,BW,32,26-6,106.9,115,95.0,27,0.7945,61,51.9,77,44.9,14,18.1,176,19.8,69,30.4,146,26.4,47,45.4,9,40.2,254,54.1,20,44.8,39,32.2,278,30.0,5,71.4,62,0.8,39,29,Maryland,B10,35,26-9,114.9,24,96.3,42,0.8839,29,55.2,13,46.5,32,18.9,232,16.4,278,29.1,190,29.9,181,37.0,164,27.0,14,55.8,7,45.5,50,36.2,102,32.1,44,67.9,234,4.0,18
2016,South Dakota State,Maryland,74,79,81,South Dakota State,Sum,32,24-8,110.5,64,101.1,129,0.737,81,51.3,108,48.0,80,17.1,100,17.2,231,32.4,77,25.5,21,40.2,88,40.2,254,49.7,128,47.1,96,36.1,108,33.3,96,69.2,162,-1.2,75,29,Maryland,B10,35,26-9,114.9,24,96.3,42,0.8839,29,55.2,13,46.5,32,18.9,232,16.4,278,29.1,190,29.9,181,37.0,164,27.0,14,55.8,7,45.5,50,36.2,102,32.1,44,67.9,234,4.0,18
2016,Northern Iowa,Texas,75,72,57,Northern Iowa,MVC,35,22-13,109.7,80,96.7,48,0.8109,57,53.2,44,48.7,106,15.2,16,18.5,144,17.7,351,27.4,69,34.1,241,24.8,5,51.3,67,48.9,175,37.2,52,32.4,56,63.7,346,-2.1,88,37,Texas,B12,33,20-13,112.2,47,95.6,33,0.8627,37,49.4,192,47.7,69,15.4,21,18.5,144,30.7,134,32.0,281,39.5,99,38.4,203,48.5,179,45.8,61,34.1,192,34.5,159,66.3,303,3.2,26
2016,Pitt,Wisconsin,43,47,36,Pitt,ACC,32,20-12,113.9,31,96.9,51,0.8659,36,51.1,122,50.0,177,17.5,126,16.9,253,36.9,18,27.5,70,36.1,187,32.4,79,50.4,99,48.4,148,35.0,154,35.4,210,66.3,305,1.8,36,40,Wisconsin,B10,35,22-13,108.8,92,93.5,19,0.8509,40,48.5,234,48.1,83,17.1,100,18.6,136,33.1,60,27.7,77,38.0,133,33.6,104,46.6,252,44.8,39,34.9,157,37.4,305,64.1,342,0.4,43
2016,Syracuse,Dayton,70,51,27,Syracuse,ACC,37,23-14,111.9,52,93.6,20,0.8857,27,50.0,162,47.3,59,18.1,176,20.4,47,33.5,51,35.3,337,35.4,205,28.0,23,47.2,230,48.1,132,36.0,113,30.7,13,65.5,327,-0.3,59,55,Dayton,A10,33,25-8,105.5,144,92.6,11,0.8184,55,51.6,95,46.9,49,18.6,211,18.0,178,28.7,202,24.2,6,40.8,75,32.8,83,51.5,61,43.7,21,34.4,177,34.9,181,68.5,196,2.4,27
2016,Temple,Iowa,70,72,83,Temple,Amer,33,21-12,106.3,126,97.4,58,0.7318,83,47.0,290,46.4,31,13.8,2,16.2,285,29.1,190,29.7,168,26.6,348,28.7,33,44.9,309,46.3,72,33.7,219,31.2,23,66.5,297,-0.1,56,28,Iowa,B10,33,22-11,114.4,29,95.8,36,0.8853,28,51.3,108,48.0,80,14.8,11,18.8,126,31.9,99,31.3,254,33.0,269,25.0,7,48.7,172,48.7,163,37.4,46,31.3,26,69.8,124,2.0,33
2016,VCU,Oregon State,75,67,31,VCU,A10,36,25-11,112.1,49,94.2,23,0.8811,31,51.0,127,49.2,126,16.3,55,21.4,18,33.2,58,27.7,77,32.2,285,36.8,171,50.1,108,48.6,157,35.2,145,33.7,114,70.3,107,-0.1,55,65,Oregon State,P12,31,18-13,109.9,76,98.1,68,0.788,65,49.8,174,49.5,141,16.6,75,19.5,82,29.0,195,32.2,287,36.8,174,39.3,232,46.9,245,50.0,224,37.4,46,32.4,56,68.0,231,0.3,46
2016,Cincinnati,St. Joseph's,76,78,35,Cincinnati,Amer,33,22-11,110.0,75,93.5,18,0.866,35,49.3,199,45.6,23,16.3,55,20.3,49,36.7,20,30.6,215,33.2,265,27.0,14,47.7,214,41.3,1,34.8,159,35.7,233,66.0,313,0.3,45,39,St. Joseph's,A10,36,28-8,114.2,30,97.6,59,0.86,39,51.2,114,48.1,83,14.3,4,16.1,287,28.3,218,25.8,30,37.4,153,25.0,7,52.3,45,49.2,194,32.7,255,31.1,20,70.9,86,3.4,22
2016,Virginia Tech,BYU,77,80,66,Virginia Tech,ACC,35,20-15,109.5,84,97.8,61,0.7855,66,50.0,162,49.0,117,18.0,167,17.9,187,30.3,153,31.8,274,49.4,1,33.5,97,49.1,152,50.1,230,34.8,159,31.3,26,70.5,96,-0.5,61,51,BYU,WCC,36,25-11,112.0,51,98.1,69,0.8223,51,52.9,48,48.3,90,15.8,31,17.8,190,31.2,123,25.2,17,35.3,209,31.9,70,50.2,106,47.0,93,38.4,24,33.7,114,74.4,10,-1.5,81
2016,Creighton,BYU,82,88,38,Creighton,BE,35,20-15,112.8,42,96.3,40,0.8604,38,53.8,32,49.0,117,16.1,44,17.5,210,27.3,250,26.1,38,37.5,150,33.5,97,54.5,14,47.5,109,35.2,145,34.6,163,71.3,69,-1.8,84,51,BYU,WCC,36,25-11,112.0,51,98.1,69,0.8223,51,52.9,48,48.3,90,15.8,31,17.8,190,31.2,123,25.2,17,35.3,209,31.9,70,50.2,106,47.0,93,38.4,24,33.7,114,74.4,10,-1.5,81
2016,Louisiana,Furman,80,72,125,Louisiana,SB,32,17-15,108.9,90,105.2,200,0.6003,125,48.8,224,49.9,173,17.5,126,16.5,272,37.7,11,26.4,47,42.2,42,35.5,136,49.9,118,47.0,93,31.1,309,37.8,319,71.3,73,-7.5,162,199,Furman,SC,33,17-16,103.0,179,106.3,221,0.4094,199,51.5,99,50.8,207,20.5,309,19.2,95,32.1,90,28.8,122,43.3,26,38.0,194,54.2,18,49.9,219,31.9,291,35.0,189,65.9,316,-10.1,204
2016,New Hampshire,Coastal Carolina,62,71,229,New Hampshire,AE,31,18-13,98.7,269,104.5,189,0.3402,229,46.7,295,50.2,188,16.8,84,15.1,328,29.5,177,21.7,1,36.6,177,34.5,118,45.0,306,48.6,157,33.2,243,35.3,204,68.1,227,-7.6,163,173,Coastal Carolina,BSth,30,18-12,100.7,219,101.5,136,0.4796,173,49.5,189,46.3,30,18.8,223,15.3,323,30.6,140,29.0,129,35.7,198,31.7,65,49.1,152,46.2,70,33.4,230,30.9,14,67.5,252,-7.0,156
2016,UC-Irvine,Coastal Carolina,66,47,84,UC-Irvine,BW,36,26-10,105.5,142,96.7,50,0.7317,84,51.1,122,44.6,9,18.2,182,17.4,216,29.1,190,28.2,100,35.1,215,34.7,122,49.3,142,41.6,4,36.7,69,33.2,95,68.1,226,-0.8,66,173,Coastal Carolina,BSth,30,18-12,100.7,219,101.5,136,0.4796,173,49.5,189,46.3,30,18.8,223,15.3,323,30.6,140,29.0,129,35.7,198,31.7,65,49.1,152,46.2,70,33.4,230,30.9,14,67.5,252,-7.0,156
2016,Grand Canyon,Coastal Carolina,58,60,138,Grand Canyon,WAC,32,25-7,103.1,177,100.7,121,0.5683,138,49.8,174,48.1,83,16.9,90,19.1,103,32.0,97,27.3,67,41.5,58,35.1,127,48.3,191,48.4,148,35.6,128,31.7,35,69.5,140,-1.0,69,173,Coastal Carolina,BSth,30,18-12,100.7,219,101.5,136,0.4796,173,49.5,189,46.3,30,18.8,223,15.3,323,30.6,140,29.0,129,35.7,198,31.7,65,49.1,152,46.2,70,33.4,230,30.9,14,67.5,252,-7.0,156
2016,Wagner,Creighton,54,87,184,Wagner,NEC,33,22-11,99.6,246,101.4,133,0.449,184,47.6,269,46.8,45,19.6,271,20.7,37,36.9,18,27.5,70,32.6,275,44.3,315,46.4,259,45.6,54,33.6,223,32.7,69,66.7,290,-7.0,153,38,Creighton,BE,35,20-15,112.8,42,96.3,40,0.8604,38,53.8,32,49.0,117,16.1,44,17.5,210,27.3,250,26.1,38,37.5,150,33.5,97,54.5,14,47.5,109,35.2,145,34.6,163,71.3,69,-1.8,84
2016,Florida,Ohio State,74,66,34,Florida,SEC,36,21-15,110.0,74,93.2,14,0.8703,34,48.5,234,46.7,41,16.0,42,18.6,136,32.9,65,29.5,156,39.5,99,35.7,140,48.9,163,44.4,27,31.9,291,34.3,148,69.9,123,0.1,50,82,Ohio State,B10,35,21-14,105.6,139,96.7,47,0.735,82,49.4,192,46.6,35,18.8,223,17.1,240,30.2,157,29.1,135,36.0,193,30.4,50,49.0,158,44.5,32,33.4,230,33.4,103,68.5,192,-1.1,71
2016,Florida,George Washington,77,82,34,Florida,SEC,36,21-15,110.0,74,93.2,14,0.8703,34,48.5,234,46.7,41,16.0,42,18.6,136,32.9,65,29.5,156,39.5,99,35.7,140,48.9,163,44.4,27,31.9,291,34.3,148,69.9,123,0.1,50,42,George Washington,A10,38,28-10,114.9,25,99.1,87,0.8454,42,50.8,129,48.7,106,16.5,69,17.5,210,34.4,42,27.9,86,39.1,106,27.0,14,48.4,186,48.2,139,37.1,58,33.0,81,67.2,264,-0.8,64
2016,Georgia,Saint Mary's,65,77,64,Georgia,SEC,34,20-14,108.0,105,96.4,43,0.7881,64,48.1,247,45.5,19,19.2,247,15.6,316,32.4,77,29.8,174,43.5,23,41.1,273,44.8,313,42.8,12,36.8,65,33.1,85,67.9,236,-0.8,65,30,Saint Mary's,WCC,34,28-6,117.6,16,98.6,78,0.883,30,58.4,3,46.2,28,15.4,21,15.5,320,29.8,164,26.7,51,29.0,335,24.1,3,56.4,5,44.8,39,41.0,6,32.7,69,62.5,347,2.0,34
2016,UT-Martin,Ball State,80,83,225,UT-Martin,OVC,33,18-15,103.3,175,108.7,267,0.3569,225,50.5,140,50.8,207,18.2,182,17.0,246,29.5,177,29.4,148,35.6,200,30.0,44,49.8,122,50.8,255,34.4,177,33.8,124,67.5,255,-9.0,186,164,Ball State,MAC,34,20-14,102.1,193,102.1,141,0.4994,164,52.2,61,46.8,45,19.9,284,16.5,272,28.0,232,26.3,43,34.8,224,38.6,213,49.9,118,43.7,21,36.9,63,35.1,193,66.2,309,-8.3,171
2016,Boston University,NJIT,72,83,227,Boston University,Pat,33,18-15,101.7,199,107.4,243,0.3486,227,52.2,61,50.0,177,19.6,271,17.1,240,26.5,274,28.1,92,37.0,164,33.9,107,51.0,78,50.0,224,36.1,108,33.3,96,70.6,93,-10.0,200,206,NJIT,ASun,34,19-15,100.7,223,104.6,192,0.3919,206,51.8,82,51.3,241,18.2,182,19.2,95,26.8,265,31.1,241,33.7,254,35.7,140,51.1,74,50.6,251,35.1,151,34.9,181,69.9,122,-8.8,180
2016,Texas-Arlington,NJIT,60,63,103,Texas-Arlington,SB,34,23-11,106.1,130,98.7,79,0.6962,103,49.2,206,47.0,50,18.7,220,20.1,59,36.3,22,26.2,40,34.4,233,43.3,307,49.5,131,44.4,27,32.5,266,33.7,114,73.2,24,-3.9,103,206,NJIT,ASun,34,19-15,100.7,223,104.6,192,0.3919,206,51.8,82,51.3,241,18.2,182,19.2,95,26.8,265,31.1,241,33.7,254,35.7,140,51.1,74,50.6,251,35.1,151,34.9,181,69.9,122,-8.8,180
2016,Duquesne,Morehead State,72,82,132,Duquesne,A10,33,16-17,108.2,98,105.1,198,0.5851,132,53.9,31,49.4,137,18.9,232,15.6,316,27.9,237,28.4,106,33.6,255,38.6,213,53.1,28,42.8,12,36.6,74,40.2,348,73.6,18,-7.8,168,145,Morehead State,OVC,35,21-14,105.0,152,103.2,166,0.5514,145,48.0,251,50.6,199,18.6,211,21.4,18,38.6,7,29.0,129,35.3,209,53.7,348,45.8,280,49.0,181,36.2,102,35.7,233,66.3,306,-6.4,145
2016,Nevada,Morehead State,83,86,131,Nevada,MWC,36,22-14,100.8,218,97.7,60,0.5864,131,45.5,320,46.1,26,17.6,133,17.3,225,30.7,134,30.3,201,43.2,28,39.6,238,46.3,261,44.9,42,29.1,342,32.3,52,72.2,52,-5.1,120,145,Morehead State,OVC,35,21-14,105.0,152,103.2,166,0.5514,145,48.0,251,50.6,199,18.6,211,21.4,18,38.6,7,29.0,129,35.3,209,53.7,348,45.8,280,49.0,181,36.2,102,35.7,233,66.3,306,-6.4,145
2016,Eastern Washington,Nevada,70,85,178,Eastern Washington,BSky,32,16-16,111.6,55,112.9,321,0.4674,178,56.4,6,54.0,330,16.1,44,15.9,300,26.7,268,29.2,137,35.9,195,37.9,191,55.4,9,53.3,327,38.4,24,37.4,305,69.4,145,-10.7,216,131,Nevada,MWC,36,22-14,100.8,218,97.7,60,0.5864,131,45.5,320,46.1,26,17.6,133,17.3,225,30.7,134,30.3,201,43.2,28,39.6,238,46.3,261,44.9,42,29.1,342,32.3,52,72.2,52,-5.1,120
2016,Vermont,Nevada,72,86,149,Vermont,AE,36,22-14,107.3,112,105.8,210,0.5414,149,54.1,28,49.3,132,19.2,247,16.7,261,28.5,210,28.2,100,38.2,128,37.4,182,52.6,34,46.3,72,38.2,28,37.0,290,68.5,193,-6.6,147,131,Nevada,MWC,36,22-14,100.8,218,97.7,60,0.5864,131,45.5,320,46.1,26,17.6,133,17.3,225,30.7,134,30.3,201,43.2,28,39.6,238,46.3,261,44.9,42,29.1,342,32.3,52,72.2,52,-5.1,120
2016,Morehead State,Nevada,68,77,145,Morehead State,OVC,35,21-14,105.0,152,103.2,166,0.5514,145,48.0,251,50.6,199,18.6,211,21.4,18,38.6,7,29.0,129,35.3,209,53.7,348,45.8,280,49.0,181,36.2,102,35.7,233,66.3,306,-6.4,145,131,Nevada,MWC,36,22-14,100.8,218,97.7,60,0.5864,131,45.5,320,46.1,26,17.6,133,17.3,225,30.7,134,30.3,201,43.2,28,39.6,238,46.3,261,44.9,42,29.1,342,32.3,52,72.2,52,-5.1,120
2016,Morehead State,Nevada,82,85,145,Morehead State,OVC,35,21-14,105.0,152,103.2,166,0.5514,145,48.0,251,50.6,199,18.6,211,21.4,18,38.6,7,29.0,129,35.3,209,53.7,348,45.8,280,49.0,181,36.2,102,35.7,233,66.3,306,-6.4,145,131,Nevada,MWC,36,22-14,100.8,218,97.7,60,0.5864,131,45.5,320,46.1,26,17.6,133,17.3,225,30.7,134,30.3,201,43.2,28,39.6,238,46.3,261,44.9,42,29.1,342,32.3,52,72.2,52,-5.1,120
2016,George Washington,Monmouth,87,71,42,George Washington,A10,38,28-10,114.9,25,99.1,87,0.8454,42,50.8,129,48.7,106,16.5,69,17.5,210,34.4,42,27.9,86,39.1,106,27.0,14,48.4,186,48.2,139,37.1,58,33.0,81,67.2,264,-0.8,64,100,Monmouth,MAAC,36,28-8,105.7,137,98.1,70,0.7016,100,49.9,167,46.1,26,16.5,69,20.1,59,28.6,207,30.7,224,38.4,118,37.2,178,47.2,230,45.3,46,36.6,74,31.4,30,73.6,16,-0.2,58
2016,George Washington,San Diego State,65,46,42,George Washington,A10,38,28-10,114.9,25,99.1,87,0.8454,42,50.8,129,48.7,106,16.5,69,17.5,210,34.4,42,27.9,86,39.1,106,27.0,14,48.4,186,48.2,139,37.1,58,33.0,81,67.2,264,-0.8,64,45,San Diego State,MWC,36,26-10,104.0,165,90.3,3,0.8366,45,47.2,283,42.5,1,18.4,196,18.0,178,33.9,48,27.2,62,42.5,38,31.3,61,46.3,261,41.6,4,32.6,261,29.4,2,65.9,317,0.1,51
2016,Georgia Tech,San Diego State,56,72,43,Georgia Tech,ACC,36,21-15,113.9,32,98.2,72,0.845,43,49.8,174,49.1,123,16.7,79,14.6,337,37.5,12,27.2,62,31.7,294,31.7,65,48.4,186,49.5,203,35.7,125,32.0,41,67.8,238,-0.0,52,45,San Diego State,MWC,36,26-10,104.0,165,90.3,3,0.8366,45,47.2,283,42.5,1,18.4,196,18.0,178,33.9,48,27.2,62,42.5,38,31.3,61,46.3,261,41.6,4,32.6,261,29.4,2,65.9,317,0.1,51
2016,Washington,San Diego State,78,93,63,Washington,P12,34,19-15,110.1,72,98.1,71,0.7905,63,48.1,247,47.9,76,17.4,117,20.5,44,33.4,54,35.7,338,41.2,68,44.6,319,47.3,228,47.2,101,33.1,245,33.1,85,78.2,2,-2.2,89,45,San Diego State,MWC,36,26-10,104.0,165,90.3,3,0.8366,45,47.2,283,42.5,1,18.4,196,18.0,178,33.9,48,27.2,62,42.5,38,31.3,61,46.3,261,41.6,4,32.6,261,29.4,2,65.9,317,0.1,51
2016,Georgia Tech,South Carolina,83,66,43,Georgia Tech,ACC,36,21-15,113.9,32,98.2,72,0.845,43,49.8,174,49.1,123,16.7,79,14.6,337,37.5,12,27.2,62,31.7,294,31.7,65,48.4,186,49.5,203,35.7,125,32.0,41,67.8,238,-0.0,52,58,South Carolina,SEC,33,24-9,108.1,104,95.3,30,0.809,58,48.5,234,47.4,62,18.9,232,20.5,44,37.5,12,29.5,156,43.2,28,38.2,200,46.6,252,42.9,16,35.4,138,35.8,239,71.2,74,1.8,35
2016,UNC Greensboro,Ohio,67,72,219,UNC Greensboro,SC,31,12-19,101.4,204,106.3,220,0.368,219,51.3,108,51.9,271,17.7,139,17.4,216,27.1,257,27.5,70,28.0,341,38.5,208,49.1,152,49.0,181,36.3,90,37.4,305,68.3,212,-12.7,256,127,Ohio,MAC,34,22-12,110.1,71,106.5,224,0.5952,127,54.2,23,49.6,153,16.9,90,14.5,339,24.9,307,25.8,30,37.4,153,33.5,97,52.3,45,47.1,96,38.2,28,36.4,264,70.7,90,-5.3,122
2016,Morehead State,Ohio,77,72,145,Morehead State,OVC,35,21-14,105.0,152,103.2,166,0.5514,145,48.0,251,50.6,199,18.6,211,21.4,18,38.6,7,29.0,129,35.3,209,53.7,348,45.8,280,49.0,181,36.2,102,35.7,233,66.3,306,-6.4,145,127,Ohio,MAC,34,22-12,110.1,71,106.5,224,0.5952,127,54.2,23,49.6,153,16.9,90,14.5,339,24.9,307,25.8,30,37.4,153,33.5,97,52.3,45,47.1,96,38.2,28,36.4,264,70.7,90,-5.3,122
2016,Vermont,Seattle,73,54,149,Vermont,AE,36,22-14,107.3,112,105.8,210,0.5414,149,54.1,28,49.3,132,19.2,247,16.7,261,28.5,210,28.2,100,38.2,128,37.4,182,52.6,34,46.3,72,38.2,28,37.0,290,68.5,193,-6.6,147,285,Seattle,WAC,30,13-17,94.0,323,104.9,195,0.2194,285,47.5,272,49.1,123,23.1,349,18.9,117,32.5,75,31.3,254,36.0,193,34.9,123,44.7,319,47.7,120,35.5,134,33.9,131,66.7,286,-11.2,228
2016,Ball State,Columbia,67,69,164,Ball State,MAC,34,20-14,102.1,193,102.1,141,0.4994,164,52.2,61,46.8,45,19.9,284,16.5,272,28.0,232,26.3,43,34.8,224,38.6,213,49.9,118,43.7,21,36.9,63,35.1,193,66.2,309,-8.3,171,112,Columbia,Ivy,33,23-10,111.8,54,105.9,212,0.6512,112,53.5,39,51.5,251,15.9,37,19.0,108,28.5,210,26.9,54,37.9,136,34.6,120,50.5,96,50.2,234,38.1,36,35.7,233,65.9,315,-4.3,109
2016,UC-Irvine,Columbia,67,73,84,UC-Irvine,BW,36,26-10,105.5,142,96.7,50,0.7317,84,51.1,122,44.6,9,18.2,182,17.4,216,29.1,190,28.2,100,35.1,215,34.7,122,49.3,142,41.6,4,36.7,69,33.2,95,68.1,226,-0.8,66,112,Columbia,Ivy,33,23-10,111.8,54,105.9,212,0.6512,112,53.5,39,51.5,251,15.9,37,19.0,108,28.5,210,26.9,54,37.9,136,34.6,120,50.5,96,50.2,234,38.1,36,35.7,233,65.9,315,-4.3,109
2016,NJIT,Columbia,65,80,206,NJIT,ASun,34,19-15,100.7,223,104.6,192,0.3919,206,51.8,82,51.3,241,18.2,182,19.2,95,26.8,265,31.1,241,33.7,254,35.7,140,51.1,74,50.6,251,35.1,151,34.9,181,69.9,122,-8.8,180,112,Columbia,Ivy,33,23-10,111.8,54,105.9,212,0.6512,112,53.5,39,51.5,251,15.9,37,19.0,108,28.5,210,26.9,54,37.9,136,34.6,120,50.5,96,50.2,234,38.1,36,35.7,233,65.9,315,-4.3,109
2016,UC-Irvine,Louisiana,67,66,84,UC-Irvine,BW,36,26-10,105.5,142,96.7,50,0.7317,84,51.1,122,44.6,9,18.2,182,17.4,216,29.1,190,28.2,100,35.1,215,34.7,122,49.3,142,41.6,4,36.7,69,33.2,95,68.1,226,-0.8,66,125,Louisiana,SB,32,17-15,108.9,90,105.2,200,0.6003,125,48.8,224,49.9,173,17.5,126,16.5,272,37.7,11,26.4,47,42.2,42,35.5,136,49.9,118,47.0,93,31.1,309,37.8,319,71.3,73,-7.5,162
2016,Louisiana Tech,ETSU,83,88,165,Louisiana Tech,CUSA,31,21-10,102.7,186,102.8,158,0.4979,165,51.3,108,49.2,126,16.9,90,19.0,108,28.8,197,29.0,129,43.0,33,34.1,109,52.0,51,49.7,215,33.3,237,32.0,41,72.5,41,-4.3,111,176,ETSU,SC,34,22-12,105.4,150,106.5,223,0.4713,176,53.0,47,50.5,195,18.1,176,17.8,190,28.3,218,30.6,215,34.9,220,39.8,246,50.4,99,50.1,230,38.3,26,34.1,140,70.2,109,-5.1,119
2016,Northern Illinois,UCSB,63,70,170,Northern Illinois,MAC,30,17-13,100.5,227,100.8,123,0.4918,170,47.8,261,49.0,117,18.5,200,19.9,65,32.1,90,27.7,77,41.7,52,41.3,275,44.8,313,46.4,75,35.6,128,35.2,197,68.6,187,-6.7,148,87,UCSB,BW,32,18-14,106.3,127,97.9,63,0.7195,87,50.3,147,46.7,41,18.5,200,17.5,210,28.8,197,27.9,86,27.4,344,41.8,285,48.4,186,47.8,124,35.8,121,30.0,5,67.6,249,-4.8,115
2016,Oakland,Towson,90,72,99,Oakland,Horz,35,23-12,114.6,27,106.2,219,0.7053,99,53.1,45,49.6,153,15.2,16,16.5,272,31.2,123,29.5,156,41.8,50,32.1,76,49.3,142,48.1,132,39.8,11,34.9,181,74.5,9,-3.4,96,152,Towson,CAA,31,18-13,104.5,161,103.2,167,0.5364,152,46.9,292,48.4,94,17.9,162,17.7,198,38.3,10,27.3,67,45.1,11,41.0,271,46.3,261,46.2,70,32.1,282,35.2,197,66.6,294,-6.2,136
2016,Tennessee Tech,Old Dominion,59,75,211,Tennessee Tech,OVC,29,17-12,106.6,122,111.2,302,0.3807,211,52.4,58,50.6,199,17.8,151,16.0,294,27.6,247,31.9,275,44.0,17,32.8,83,51.3,67,48.5,155,35.9,115,36.4,264,70.1,115,-6.0,132,101,Old Dominion,CUSA,38,25-13,105.5,145,97.9,62,0.7012,101,47.9,256,45.5,19,14.4,6,17.2,231,36.6,21,27.1,60,31.0,312,35.8,145,48.7,172,44.4,27,30.1,331,31.5,32,62.2,349,-6.5,146
2016,UCSB,Old Dominion,49,64,87,UCSB,BW,32,18-14,106.3,127,97.9,63,0.7195,87,50.3,147,46.7,41,18.5,200,17.5,210,28.8,197,27.9,86,27.4,344,41.8,285,48.4,186,47.8,124,35.8,121,30.0,5,67.6,249,-4.8,115,101,Old Dominion,CUSA,38,25-13,105.5,145,97.9,62,0.7012,101,47.9,256,45.5,19,14.4,6,17.2,231,36.6,21,27.1,60,31.0,312,35.8,145,48.7,172,44.4,27,30.1,331,31.5,32,62.2,349,-6.5,146
2016,ETSU,Oakland,81,104,176,ETSU,SC,34,22-12,105.4,150,106.5,223,0.4713,176,53.0,47,50.5,195,18.1,176,17.8,190,28.3,218,30.6,215,34.9,220,39.8,246,50.4,99,50.1,230,38.3,26,34.1,140,70.2,109,-5.1,119,99,Oakland,Horz,35,23-12,114.6,27,106.2,219,0.7053,99,53.1,45,49.6,153,15.2,16,16.5,272,31.2,123,29.5,156,41.8,50,32.1,76,49.3,142,48.1,132,39.8,11,34.9,181,74.5,9,-3.4,96
2016,Old Dominion,Oakland,68,67,101,Old Dominion,CUSA,38,25-13,105.5,145,97.9,62,0.7012,101,47.9,256,45.5,19,14.4,6,17.2,231,36.6,21,27.1,60,31.0,312,35.8,145,48.7,172,44.4,27,30.1,331,31.5,32,62.2,349,-6.5,146,99,Oakland,Horz,35,23-12,114.6,27,106.2,219,0.7053,99,53.1,45,49.6,153,15.2,16,16.5,272,31.2,123,29.5,156,41.8,50,32.1,76,49.3,142,48.1,132,39.8,11,34.9,181,74.5,9,-3.4,96
